PublishTime,ListNumber,Writer,RealBookPrice,EBookPrice,Discount,BookUrl,BookName,NowBookPrice,Publisher,Tuijian
2006-05-01,1.,卡勒德·胡赛尼KhaledHosseini,¥29.00,¥5.99,6.2折,http://product.dangdang.com/23274638.html,追风筝的人,¥17.90,上海人民出版社,99.6%推荐
2014-05-01,2.,东野圭吾李盈春,¥39.50,¥11.85,5.9折,http://product.dangdang.com/23464478.html,解忧杂货店,¥23.50,南海出版社,99.7%推荐
2015-06-01,3.,克莱儿·麦克福尔,¥36.00,¥9.99,5.0折,http://product.dangdang.com/23694647.html,摆渡人,¥18.00,百花洲文艺出版社,99.6%推荐
2013-01-01,4.,东野圭吾刘姿君,¥39.50,,6.0折,http://product.dangdang.com/22935553.html,白夜行（东野圭吾推理小说无冕之王。全新精装典藏版。）,¥23.70,南海出版社,99.6%推荐
2003-07-01,5.,杨绛,¥23.00,¥0.01,7.5折,http://product.dangdang.com/22880790.html,我们仨（新版）,¥17.20,生活.读书.新知三联书店,99.2%推荐
2016-01-01,6.,高铭,¥39.80,,5.0折,http://product.dangdang.com/23822200.html,天才在左疯子在右（完整版）,¥19.90,北京联合出版公司,99.6%推荐
2015-05-01,7.,加布瑞埃拉泽文GabrielleZevin孙仲旭李玉瑶,¥35.00,¥9.99,6.9折,http://product.dangdang.com/23685329.html,岛上书店（每个人的生命中，都有无比艰难的那一年，将人生变得美,¥24.20,江苏文艺出版社,99.5%推荐
2014-06-01,8.,东野圭吾刘子倩,¥35.00,,5.1折,http://product.dangdang.com/23490646.html,嫌疑人X的献身,¥17.70,南海出版社,99.7%推荐
2013-12-01,9.,路遥,¥79.80,,6.0折,http://product.dangdang.com/22616096.html,平凡的世界（全三册）,¥47.90,北京十月文艺出版社,99.5%推荐
2010-11-01,10.,刘慈欣,¥93.00,¥9.00,5.0折,http://product.dangdang.com/23579654.html,三体：全三册（刘慈欣代表作，亚洲首部“雨果奖”获奖作品！）,¥46.40,重庆出版社,99.1%推荐
2013-11-01,11.,张嘉佳,¥36.00,¥9.99,6.0折,http://product.dangdang.com/23353342.html,从你的全世界路过 2014中国好书榜获奖图书,¥21.60,湖南文艺出版社,99.4%推荐
2011-06-01,12.,哥伦比亚马尔克斯范晔,¥39.50,,6.2折,http://product.dangdang.com/21090357.html,百年孤独,¥24.30,南海出版社,99.4%推荐
2016-05-01,13.,海莲·汉芙,¥35.00,,5.5折,http://product.dangdang.com/23954654.html,查令十字街84号(精装珍藏版）,¥19.10,译林出版社,99.3%推荐
2014-06-01,14.,汤木,¥32.00,¥8.99,4.6折,http://product.dangdang.com/23491236.html,将来的你，一定会感谢现在拼命的自己,¥14.60,天津人民出版社,99.2%推荐
2012-08-01,15.,布洛克张艳,¥32.80,,4.9折,http://product.dangdang.com/22812599.html,我爱幼儿园,¥16.20,北京科学技术出版社,99.3%推荐
2014-01-01,16.,龙应台,¥43.00,¥16.80,5.5折,http://product.dangdang.com/23407125.html,目送：龙应台“人生三书”之三（彩插新版）,¥23.50,广西师范大学出版社,99.6%推荐
1991-02-01,17.,钱钟书,¥39.00,,5.6折,http://product.dangdang.com/22819334.html,围城,¥22.00,人民文学出版社,99.5%推荐
2014-03-01,18.,余秋雨,¥38.00,¥1.35,6.3折,http://product.dangdang.com/23415029.html,文化苦旅,¥24.00,长江文艺出版社,99.6%推荐
2013-12-11,19.,三毛,¥24.00,,6.0折,http://product.dangdang.com/21127786.html,三毛：撒哈拉的故事,¥14.40,北京十月文艺出版社,99.5%推荐
2012-07-01,20.,马克·李维,¥29.80,¥6.99,5.9折,http://product.dangdang.com/22788959.html,偷影子的人,¥17.50,湖南文艺出版社,99.4%推荐
2010-04-01,481.,台湾牛顿出版公司,¥960.00,,4.1折,http://product.dangdang.com/20923585.html,小牛顿科学馆全集(全60册）,¥395.30,贵州教育出版社,99.5%推荐
2010-01-01,482.,七尾纯小林雅子今井弓子猿渡静子,¥88.00,,5.9折,http://product.dangdang.com/20791774.html,可爱的身体,¥51.90,南海出版社,99.3%推荐
2016-05-15,483.,中国营养学会,¥68.00,,6.4折,http://product.dangdang.com/23963010.html,中国居民膳食指南（2016）,¥43.60,人民卫生出版社,99.9%推荐
2016-05-04,484.,贝尔·格里尔斯,¥22.00,,7.4折,http://product.dangdang.com/23953204.html,荒野求生少年生存小说系列：9中国雨林的惊天一跃,¥16.30,接力出版社,100.0%推荐
2016-04-01,485.,中共中央宣传部,¥16.00,,7.9折,http://product.dangdang.com/23938278.html,习近平总书记系列重要讲话读本（2016年版）32开  团购电话：010-,¥12.60,学习出版社,99.9%推荐
2015-08-17,486.,Tango,¥39.80,,7.5折,http://product.dangdang.com/23751677.html,别做梦了,¥29.90,重庆大学出版社,98.6%推荐
2015-06-10,487.,华杉,¥49.80,,6.9折,http://product.dangdang.com/23709763.html,华杉讲透《孙子兵法》（独家精装珍藏版）,¥34.40,江苏文艺出版社,99.6%推荐
2014-10-30,488.,杨红樱,¥300.00,,6.0折,http://product.dangdang.com/23600431.html,笑猫日记（套装共二十册）,¥180.00,明天出版社,99.8%推荐
2014-11-01,489.,马克斯苏萨克,¥39.80,,6.3折,http://product.dangdang.com/23600334.html,偷书贼：精装修订版,¥24.90,北京联合出版公司,99.8%推荐
2014-08-01,490.,张嘉佳,¥38.00,¥5.70,7.2折,http://product.dangdang.com/23524155.html,让我留在你身边,¥27.50,湖南人民出版社,99.5%推荐
2014-07-01,491.,沈石溪,¥118.00,,5.9折,http://product.dangdang.com/23509507.html,动物小说大王沈石溪·感悟生命书系（套装共5册）,¥69.60,人民邮电出版社,99.7%推荐
2013-03-01,492.,迈克尔荣信文化,¥89.80,,5.9折,http://product.dangdang.com/23483341.html,环球旅行,¥53.00,未来出版社,99.6%推荐
2013-05-01,493.,保罗布莱特艾莉森埃奇森,¥128.00,,5.9折,http://product.dangdang.com/23254613.html,暖房子爱的故事口袋绘本（套装共30册）,¥75.50,北京联合出版公司,99.5%推荐
2013-03-01,494.,刘绍卫,¥36.00,¥3.60,7.3折,http://product.dangdang.com/23177996.html,《领导干部读党史经典》（将时间花在经典上，党史文献经典读本！,¥26.30,广西人民出版社,99.3%推荐
2013-01-01,495.,迈尔舍恩伯格库克耶盛杨燕周涛,¥49.90,¥0.01,6.0折,http://product.dangdang.com/22928335.html,大数据时代,¥30.00,浙江人民出版社,0%推荐
2011-09-01,496.,白落梅,¥28.00,,6.9折,http://product.dangdang.com/22484228.html,你若安好便是晴天——林徽因传,¥19.20,中国华侨出版社,98.8%推荐
2011-04-01,497.,曹天元,¥36.80,,7.2折,http://product.dangdang.com/22453424.html,上帝掷骰子吗？量子物理史话（科学性和故事性的完美结合，具有超,¥26.50,北京联合出版公司,99.4%推荐
2011-06-01,498.,于娟,¥26.00,¥0.99,7.8折,http://product.dangdang.com/21086988.html,此生未完成：一个母亲、妻子、女儿的生命日记,¥20.40,湖南科技出版社,99.5%推荐
2010-05-01,499.,松田道雄王少丽,¥49.00,¥0.01,6.5折,http://product.dangdang.com/20864581.html,育儿百科（定本),¥31.90,华夏出版社,99.5%推荐
2012-08-01,441.,崔琡僖麦田文化,¥29.80,,5.8折,http://product.dangdang.com/22885625.html,麦田绘本馆·妈妈发火了,¥17.30,天津人民美术出版社,99.7%推荐
2009-06-01,500.,托马斯·戈登宋苗,¥29.80,,6.6折,http://product.dangdang.com/20627110.html,父母效能训练手册,¥19.60,天津社会科学院出版社,99.7%推荐
2011-09-01,442.,真果果,¥45.00,,5.9折,http://product.dangdang.com/22547397.html,宝宝学说话系列 第1辑  语言启蒙（全5册）,¥26.60,中国人口出版社,99.2%推荐
2011-07-01,443.,乔安娜柯尔布鲁斯迪根汪晓英,¥45.00,,5.9折,http://product.dangdang.com/21121570.html,神奇校车人文版（共3册）,¥26.60,贵州人民出版社,99.5%推荐
2010-12-22,444.,克雷文柏斯玛刘敏,¥36.00,,5.9折,http://product.dangdang.com/21000723.html,学会爱自己（全3册）,¥21.20,青岛出版社,98.7%推荐
2016-05-01,445.,江一燕,¥45.00,,7.7折,http://product.dangdang.com/23948023.html,我是爬行者小江：文艺清新女教主江一燕首部图文散文随笔集（作者,¥34.60,湖南文艺出版社,99.7%推荐
2015-11-01,341.,霍金斯胡绯,¥38.00,¥22.80,7.5折,http://product.dangdang.com/23801128.html,火车上的女孩,¥28.50,中信出版社,0%推荐
2016-02-01,446.,珊蒂克雷文茱蒂柏斯玛佩特拉敏特尔安德烈乌斯塔科夫,¥192.00,,5.6折,http://product.dangdang.com/23851466.html,学会爱自己（全3辑）,¥108.40,青岛出版社,99.9%推荐
2015-01-01,447.,,¥49.80,¥1.99,6.9折,http://product.dangdang.com/23624699.html,思维导图,¥34.20,化学工业出版社,99.6%推荐
2014-09-01,448.,高夫托马斯切瓦特桑刘华陈立,¥36.00,¥6.99,6.2折,http://product.dangdang.com/23564572.html,遇见孩子，遇见更好的自己,¥22.40,新世界出版社,99.7%推荐
2014-05-01,449.,秦文君,¥24.00,,7.9折,http://product.dangdang.com/23468816.html,贾里贾梅大系  男生贾里全传,¥18.90,少年儿童出版社,99.9%推荐
2014-06-01,450.,唐纳德·斯伯特庄靖,¥48.00,,6.9折,http://product.dangdang.com/23468594.html,奥黛丽·赫本（精装全彩典藏版）,¥33.00,中国友谊出版公司,99.5%推荐
2015-05-01,342.,渡边淳一侯为,¥32.00,¥2.90,7.8折,http://product.dangdang.com/23678975.html,我永远的家,¥25.00,青岛出版社,99.4%推荐
2012-08-01,343.,南派三叔,¥32.80,,7.4折,http://product.dangdang.com/22845120.html,藏海花（南派三叔力作，《盗墓笔记》《沙海》前传，闷油瓶的盗墓,¥24.20,北京联合出版公司,99.2%推荐
2012-06-01,344.,蒋廷黻,¥29.80,,3.0折,http://product.dangdang.com/22636349.html,中国近代史,¥8.90,武汉出版社,99.0%推荐
2008-12-01,345.,冯骥才,¥18.00,¥0.01,6.9折,http://product.dangdang.com/20445588.html,俗世奇人（修订版）,¥12.40,作家出版社,99.4%推荐
2016-05-01,346.,卡洛·罗韦利,¥39.00,,5.7折,http://product.dangdang.com/23948019.html,七堂极简物理课：意大利疯卖，打败情色小说《五十度灰》的优美科,¥22.40,湖南科技出版社,99.4%推荐
2013-10-15,451.,保罗·威德,¥79.00,,6.0折,http://product.dangdang.com/23331795.html,囚徒健身：用失传的技艺练就强大的生存实力（美国畅销健身书，留,¥47.40,北京科学技术出版社,99.2%推荐
2013-11-01,452.,柏原晃夫周龙梅,¥138.00,,5.9折,http://product.dangdang.com/23302450.html,婴儿视觉启智绘本（全5册）,¥81.40,贵州人民出版社,99.1%推荐
2013-04-01,453.,林清玄,¥28.00,,7.5折,http://product.dangdang.com/23197013.html,林清玄散文精选,¥21.00,长江文艺出版社,99.6%推荐
2011-11-01,454.,艾扬格王晋燕,¥88.00,,5.3折,http://product.dangdang.com/22541676.html,瑜伽之光/完全修订版（现代瑜伽创始人，风靡全球的瑜伽经典之书，,¥46.70,当代中国出版社,99.3%推荐
2014-12-01,421.,芭芭拉库尼,¥32.80,,7.9折,http://product.dangdang.com/23633727.html,花婆婆,¥25.90,河北教育出版社,99.8%推荐
2015-11-01,347.,李娟,¥37.00,,7.5折,http://product.dangdang.com/23816912.html,我的阿勒泰（李娟 名家散文经典 精装美绘版）  ,¥27.70,长江文艺出版社,99.9%推荐
2014-07-01,348.,度阴山,¥36.00,¥15.00,6.9折,http://product.dangdang.com/23492793.html,知行合一王阳明（1472-1529）,¥24.90,北京联合出版公司,99.5%推荐
2014-06-01,349.,黄仁宇,¥26.00,,6.2折,http://product.dangdang.com/23445575.html,万历十五年,¥16.10,生活.读书.新知三联书店,99.3%推荐
2014-05-01,350.,哈里·巴尔肯,¥29.80,¥2.98,6.5折,http://product.dangdang.com/23437438.html,微表情心理学：读心识人准到骨子里（揭露隐蔽的心理秘密，洞悉微,¥19.40,群言出版社,0%推荐
2013-11-25,351.,李筱懿,¥32.00,¥0.69,6.6折,http://product.dangdang.com/23377894.html,灵魂有香气的女子,¥21.10,江苏文艺出版社,99.4%推荐
2013-04-01,352.,十二,¥32.00,¥3.99,6.6折,http://product.dangdang.com/23230089.html,不畏将来 不念过去,¥21.00,江苏文艺出版社,99.2%推荐
2007-08-01,455.,司汤达Stendhal,¥27.00,,7.0折,http://product.dangdang.com/20029873.html,红与黑(世界十大文学名著),¥18.90,上海文艺出版社,99.1%推荐
2006-11-01,456.,原研哉朱锷,¥48.00,,5.6折,http://product.dangdang.com/9242754.html,设计中的设计,¥27.10,山东人民出版社,99.1%推荐
2005-07-01,457.,比尔布莱森严维明陈邕,¥36.80,,5.7折,http://product.dangdang.com/8968657.html,万物简史——为万物写史 为宇宙立传,¥21.00,接力出版社,98.9%推荐
1999-05-01,458.,乔斯坦·贾德萧宝森,¥26.80,,6.8折,http://product.dangdang.com/8677103.html,苏菲的世界(软精装)（马德兰.蓝格尔、傅佩荣、南方朔推荐）,¥18.30,作家出版社,99.1%推荐
2015-12-01,459.,马浩天,¥32.00,¥9.60,4.0折,http://product.dangdang.com/23834924.html,一本书读懂销售心理学(实战宝典畅销书),¥12.90,古吴轩出版社,99.8%推荐
2014-10-01,422.,张维迎,¥49.00,¥24.00,7.3折,http://product.dangdang.com/23590850.html,理念的力量：什么决定中国的未来,¥35.90,西北大学出版社,99.8%推荐
2014-06-01,423.,陈玮,¥29.80,¥9.90,6.2折,http://product.dangdang.com/23478550.html,别让情绪失控害了你,¥18.60,中华工商联合出版社,99.6%推荐
2013-06-01,424.,广野多珂子,¥32.00,,6.3折,http://product.dangdang.com/23304695.html,绘本花园：小女巫（精）,¥20.00,湖北少儿出版社,99.9%推荐
2013-07-01,425.,路易斯·卡夫曼若水,¥36.00,¥6.65,5.7折,http://product.dangdang.com/23289492.html,不懂带人，你就自己干到死：把身边的庸才变干将,¥20.60,文化发展出版社,99.5%推荐
2010-04-01,426.,罗曼·罗兰,¥22.00,¥4.00,5.9折,http://product.dangdang.com/22840768.html,名人传（中小学生必读丛书--教育部新课标推荐书目),¥13.00,陕西师范大学出版社,99.6%推荐
2012-01-01,427.,凡尔纳赵启东,¥26.80,¥8.00,6.5折,http://product.dangdang.com/22518018.html,海底两万里（精装全译本，内附精美插图，名家名译，新课标必读书,¥17.40,中国画报出版社,99.6%推荐
2010-06-01,428.,弗兰克尔吕娜,¥29.00,,7.2折,http://product.dangdang.com/20943949.html,活出生命的意义,¥20.90,华夏出版社,99.5%推荐
2012-08-01,353.,陈忠实,¥39.00,¥5.99,7.7折,http://product.dangdang.com/22868444.html,白鹿原——纪念出版20周年精装典藏版,¥29.90,人民文学出版社,99.6%推荐
2012-04-01,354.,孔飞力陈兼刘昶,¥38.00,,7.5折,http://product.dangdang.com/22660870.html,叫魂：1768年中国妖术大恐慌孔飞力,¥28.40,上海三联书店,99.4%推荐
2012-03-01,355.,路遥,¥25.00,,7.5折,http://product.dangdang.com/22632990.html,人生（影响千万青年的励志名篇-- 马云、贾樟柯倾情推荐！）,¥18.70,北京十月文艺出版社,99.6%推荐
2016-06-01,356.,田英章,¥30.00,,7.5折,http://product.dangdang.com/21042119.html,田英章钢笔字帖畅销套装:楷书7000常用字+唐诗三百首+宋词三百首(,¥22.50,上海交通大学出版社,99.2%推荐
2016-01-01,357.,罗玲,¥39.90,,6.8折,http://product.dangdang.com/23844207.html,妈妈强大了，孩子才优秀（一本把正面管教落实到实处的积极家教心,¥27.30,江西科学技术出版社,99.9%推荐
2016-01-01,358.,埃里克·卡普兰袁婧,¥39.80,,7.5折,http://product.dangdang.com/23822760.html,本书书名无法描述本书内容,¥29.90,北京联合出版公司,99.5%推荐
2015-08-01,359.,大冰,¥74.00,,6.6折,http://product.dangdang.com/23764035.html,“乖，摸摸头 阿弥陀佛么么哒”套装2册：百万畅销书作家大冰真实,¥49.00,湖南文艺出版社,99.7%推荐
2015-09-01,360.,施密特靳婷婷,¥49.00,¥14.89,6.7折,http://product.dangdang.com/23752264.html,重新定义公司：谷歌是如何运营的,¥33.00,中信出版社,99.8%推荐
2015-07-31,460.,梁衡,¥25.00,,6.2折,http://product.dangdang.com/23730528.html,把栏杆拍遍----梁衡散文中学生读本,¥15.60,北京日报出版社（原同心出版社）,99.7%推荐
2007-01-01,429.,,¥29.80,¥2.00,6.5折,http://product.dangdang.com/9224823.html,家常菜精选1288例：现代人（畅销10年，获国际美食图书大赛简易操,¥19.40,中国轻工业出版社,98.4%推荐
2016-06-01,430.,奥野宣之,¥36.00,,7.7折,http://product.dangdang.com/23958931.html,如何有效阅读一本书:超实用笔记读书法,¥27.80,江西人民出版社,98.6%推荐
2016-04-01,431.,阿里·阿莫萨维哥伦亚历杭德罗·希拉尔多,¥39.50,,5.8折,http://product.dangdang.com/23947362.html,神逻辑：不讲道理的人怎么总有理！,¥22.80,新星出版社,98.1%推荐
2016-03-01,432.,林清玄,¥49.50,,7.4折,http://product.dangdang.com/23898712.html,人生最美是清欢（林清玄经典散文集，执笔45周年白金纪念版！）,¥36.80,北京十月文艺出版社,99.8%推荐
2015-10-01,433.,采薇,¥36.00,,5.5折,http://product.dangdang.com/23793332.html,别在该动脑子的时候动感情,¥19.80,天津人民出版社,99.6%推荐
2015-09-01,434.,戈登琼林,¥35.00,,5.3折,http://product.dangdang.com/23793108.html,P.E.T.父母效能训练:让亲子沟通如此高效而简单,¥18.70,中国发展出版社,0%推荐
2015-08-01,435.,艾力,¥35.00,¥9.85,7.5折,http://product.dangdang.com/23726555.html,你一年的8760小时,¥26.30,江苏文艺出版社,99.4%推荐
2015-05-01,436.,奥飞动漫,¥120.00,,6.0折,http://product.dangdang.com/23701823.html,超级飞侠图画故事书（第一辑）,¥72.00,接力出版社,99.6%推荐
2015-01-01,437.,东野圭吾,¥39.50,,7.2折,http://product.dangdang.com/23601404.html,祈祷落幕时,¥28.30,南海出版社,99.7%推荐
2014-06-01,438.,李泽厚,¥56.00,,6.3折,http://product.dangdang.com/23445574.html,美的历程（李泽厚代表名作）,¥35.30,生活.读书.新知三联书店,99.7%推荐
2013-06-01,439.,米切尔·恩德MichaelEnde杨武能,¥45.00,,5.6折,http://product.dangdang.com/23292645.html,永远讲不完的故事(新译本),¥25.20,２１世纪出版社,99.7%推荐
2013-01-01,440.,崔玉涛,¥48.00,,7.0折,http://product.dangdang.com/23238587.html,崔玉涛：宝贝健康公开课(送当当独享儿童成长监测卡),¥33.60,   ,99.8%推荐
2015-06-01,261.,斯蒂芬·茨威格舒昌善,¥28.00,,6.6折,http://product.dangdang.com/23723411.html,人类的群星闪耀时：十四篇历史特写（增订版）,¥18.60,生活.读书.新知三联书店,99.7%推荐
2014-07-01,262.,孙幼军,¥30.00,,5.8折,http://product.dangdang.com/23504059.html,小猪唏哩呼噜(注音版上、下),¥17.40,春风文艺出版社,99.9%推荐
2013-03-01,263.,迈克尔·道布斯何雨珈,¥39.80,¥0.01,6.5折,http://product.dangdang.com/23414984.html,纸牌屋,¥25.90,百花洲文艺出版社,99.3%推荐
2013-03-01,264.,高德,¥35.00,¥5.00,7.5折,http://product.dangdang.com/23168857.html,洗脑术：怎样有逻辑地说服他人,¥26.30,江苏文艺出版社,99.2%推荐
2016-05-20,265.,逯薇,¥58.00,,5.8折,http://product.dangdang.com/23951051.html,小家，越住越大,¥33.70,中信出版社,99.5%推荐
2015-08-01,266.,简·尼尔森谢丽尔·欧文罗丝琳·安·达菲花莹莹,¥42.00,,6.0折,http://product.dangdang.com/23736556.html,《0～3岁孩子的正面管教》,¥25.30,北京联合出版公司,99.8%推荐
2015-01-01,267.,东野圭吾赵峻皮琳,¥36.00,,6.6折,http://product.dangdang.com/23648596.html,梦幻花（东野圭吾最新悬疑小说）,¥23.90,作家出版社,99.7%推荐
2015-01-01,268.,派欧卡琳奇蓝小修,¥36.00,¥6.00,6.2折,http://product.dangdang.com/23596048.html,超级询问术：如何通过交谈获得你想要的任何信息,¥22.40,武汉大学出版社,99.3%推荐
2013-04-01,269.,童趣出版有限公司,¥186.40,,5.3折,http://product.dangdang.com/23193099.html,托马斯和朋友 幼儿情绪管理互动读本 一、二辑套装,¥98.70,人民邮电出版社,99.6%推荐
2013-03-01,270.,赵伟,¥35.00,¥4.00,7.5折,http://product.dangdang.com/23188603.html,给你一个团队，你能怎么管？,¥26.30,江苏文艺出版社,99.4%推荐
2012-01-01,271.,林语堂,¥28.00,¥8.99,5.0折,http://product.dangdang.com/22568332.html,生活的艺术,¥14.00,湖南文艺出版社,99.5%推荐
2011-07-01,272.,司马迁韩兆琦,¥98.00,,6.0折,http://product.dangdang.com/22472949.html,史记（精装全三册）,¥58.80,岳麓书社,98.9%推荐
2015-05-01,273.,龙应台,¥108.80,,7.9折,http://product.dangdang.com/23686893.html,龙应台“人生三书”全3册套装,¥85.90,广西师范大学出版社,99.8%推荐
2015-01-01,274.,亚历克斯·弗里思,¥54.00,,5.9折,http://product.dangdang.com/23643320.html,英国脑力阶梯训练（全三册）,¥31.90,天天出版社有限责任公司,99.4%推荐
2015-01-01,275.,西蒙·蒙蒂菲奥里张倩红,¥78.00,¥3.99,5.7折,http://product.dangdang.com/23576465.html,耶路撒冷三千年（第十届文津奖获奖图书）深圳读书月2015年度十大,¥44.50,民主与建设出版社,99.7%推荐
2014-02-01,276.,毕淑敏,¥32.80,¥7.99,6.1折,http://product.dangdang.com/23414972.html,恰到好处的幸福,¥19.90,湖南文艺出版社,99.5%推荐
2011-12-01,277.,当年明月,¥208.60,¥19.98,6.0折,http://product.dangdang.com/22554517.html,明朝那些事儿（当年明月全新修订，全七册经典版）,¥125.20,浙江人民出版社,0%推荐
2009-04-01,278.,维多利亚·希斯洛普陈新宇,¥28.00,,7.5折,http://product.dangdang.com/20538753.html,岛（令整个欧洲潸然泪下的生死悲欢）,¥21.00,南海出版社,99.2%推荐
2007-03-01,279.,林语堂,¥25.00,,6.0折,http://product.dangdang.com/9266019.html,人生不过如此（林语堂著）,¥15.00,陕西师范大学出版社,98.5%推荐
2016-04-01,280.,理查德柯瓦希维奇约翰斯坦普,¥45.00,,7.4折,http://product.dangdang.com/23949734.html,富国之道：富国银行董事长写给股东的信,¥33.50,广东旅游出版社,100.0%推荐
2016-04-01,241.,漫娱文化,¥35.00,,5.4折,http://product.dangdang.com/23951254.html,我的人生解答书(已有现货)(中国版《答案之书》the book of answe,¥19.00,长江出版社,98.5%推荐
2014-08-01,242.,刘瑜,¥36.00,,6.0折,http://product.dangdang.com/23041959.html,观念的水位 （《民主的细节》作者刘瑜新作）,¥21.60,江苏文艺出版社,99.5%推荐
2016-04-01,243.,沐木,¥39.80,,5.0折,http://product.dangdang.com/23912566.html,努力到无能为力，拼搏到感动自己,¥19.90,现代出版社,0%推荐
2016-01-01,244.,王涛,¥38.00,¥12.00,5.5折,http://product.dangdang.com/23903659.html,失传的营养学：远离疾病（修订版）,¥20.90,江西科学技术出版社,99.5%推荐
2013-12-01,245.,三毛,¥24.00,,7.5折,http://product.dangdang.com/21127784.html,三毛：雨季不再来,¥18.00,北京十月文艺出版社,99.4%推荐
2016-05-01,246.,懒兔子,¥39.90,,5.5折,http://product.dangdang.com/23966161.html,说医不二：懒兔子漫话中医（当当独家作者签章版和“自我疗愈”小,¥22.00,北京联合出版公司,99.5%推荐
2014-08-01,247.,弗洛伊德,¥39.80,¥1.99,5.0折,http://product.dangdang.com/23542342.html,梦的解析,¥19.80,江西人民出版社,99.4%推荐
2013-07-01,248.,凌茜,¥32.80,,6.9折,http://product.dangdang.com/23280073.html,不忘初心，方得始终,¥22.60,长江文艺出版社,99.0%推荐
2013-05-01,249.,朴槿惠蓝青荣,¥35.00,¥10.50,7.5折,http://product.dangdang.com/23230517.html,绝望锻炼了我：朴槿惠自传,¥26.20,译林出版社,99.5%推荐
2012-07-01,250.,卡尼曼胡晓姣李爱民何梦莹,¥69.00,¥41.40,6.0折,http://product.dangdang.com/22781388.html,思考，快与慢,¥41.40,中信出版社,99.5%推荐
2016-03-01,251.,曲黎敏,¥45.00,¥6.00,6.8折,http://product.dangdang.com/23918682.html,诗经：越古老，越美好,¥30.70,江苏文艺出版社,99.5%推荐
2015-11-01,252.,秋山利辉,¥36.00,,5.8折,http://product.dangdang.com/23809989.html,匠人精神,¥20.90,中信出版社,99.6%推荐
2014-01-01,253.,塞林格,¥28.00,,7.9折,http://product.dangdang.com/23421946.html,麦田里的守望者（2014版，孙仲旭修订译本）,¥22.00,译林出版社,99.2%推荐
2011-09-01,254.,卜劳恩田伟华,¥28.00,,6.0折,http://product.dangdang.com/22505986.html,父与子全集（精装彩色珍藏版，中国本土畅销的版本，销量过百万册,¥16.70,中国妇女出版社,99.2%推荐
2016-04-01,255.,十点读书,¥45.00,,6.2折,http://product.dangdang.com/23928974.html,愿所有美好如期而至（我们所拥有的不过是此时此刻，你所得到的不,¥27.80,北京联合出版公司,99.4%推荐
2014-07-01,256.,特立独行的猫,¥32.80,¥9.60,6.3折,http://product.dangdang.com/23509506.html,不要让未来的你，讨厌现在的自己,¥20.70,武汉出版社,0%推荐
2013-01-01,257.,尼尔,¥35.00,,6.4折,http://product.dangdang.com/22925064.html,学会提问（原书第10版）（批判性思维领域的“圣经”，看见柴静诸,¥22.40,机械工业出版社,99.4%推荐
2012-01-01,258.,霍尔福德范志红,¥49.80,,6.9折,http://product.dangdang.com/22564188.html,营养圣经（最新修订版）(健康营养学经典书籍),¥34.60,北京出版社,99.4%推荐
2016-06-01,259.,耿帅,¥39.80,,7.0折,http://product.dangdang.com/23926322.html,所有失去的都会以另一种方式归来（随书附赠限量珍藏版明信片×精,¥27.70,九州出版社,99.4%推荐
2015-07-01,260.,莉兹克里莫周高逸,¥39.00,¥19.50,7.6折,http://product.dangdang.com/23738651.html,你今天真好看（火遍全球的治愈系漫画终于来到中国啦，幅幅萌点爆,¥29.60,天津人民出版社,99.5%推荐
2016-01-01,401.,大柠,¥29.80,¥2.61,6.2折,http://product.dangdang.com/23835389.html,和你在一起才是全世界,¥18.60,百花洲文艺出版社,99.4%推荐
2016-01-01,402.,王潇,¥39.00,¥8.99,7.5折,http://product.dangdang.com/23830934.html,按自己的意愿过一生（励志偶像“潇洒姐”王潇开年全新力作！）当,¥29.30,浙江文艺出版社,99.8%推荐
2015-10-01,403.,约翰·D.洛克菲勒,¥32.80,,6.2折,http://product.dangdang.com/23797275.html,洛克菲勒写给儿子的38封信,¥20.40,古吴轩出版社,100.0%推荐
2015-01-01,404.,罗伯特哈格斯特朗RobertHagstrom杨天南,¥59.00,¥25.00,6.4折,http://product.dangdang.com/23655392.html,巴菲特之道（原书第3版）,¥37.90,机械工业出版社,99.6%推荐
2014-07-01,405.,英格黄聿君,¥168.00,,5.9折,http://product.dangdang.com/23512375.html,梅格时空大冒险（套装全5册）（含《时间的皱折》[又名《时间的皱,¥99.10,江苏美术出版社,99.8%推荐
2014-03-01,406.,杨杨张皓宸,¥36.80,,6.9折,http://product.dangdang.com/23429675.html,你是最好的自己,¥25.30,湖南文艺出版社,99.3%推荐
2013-04-01,407.,克罗宁布里斯陈宏淑,¥32.80,,6.8折,http://product.dangdang.com/23251414.html, 蚯蚓的日记,¥22.30,明天出版社,99.6%推荐
2011-04-01,408.,艾克拜尔吾拉木赵世杰,¥66.00,,5.9折,http://product.dangdang.com/21054899.html,阿凡提经典故事系列丛书（全4册）,¥38.90,新疆青少年出版社,99.8%推荐
2015-12-01,409.,君之,¥29.80,,5.5折,http://product.dangdang.com/20740393.html,跟着君之学烘焙,¥16.40,北京科学技术出版社,99.6%推荐
2009-08-01,410.,舒尔迪吉若尼张雪兰,¥22.00,,5.6折,http://product.dangdang.com/20647714.html,如何培养孩子的社会能力（全美畅销书 获4项美国大奖的经典之作）,¥12.40,京华出版社,99.1%推荐
2015-12-01,411.,郑渊洁,¥100.00,¥80.00,5.9折,http://product.dangdang.com/23812468.html,郑渊洁四大名传（全4册）,¥59.00,浙江少年儿童出版社,99.8%推荐
2014-08-01,412.,瑟努斯尔纳吴雨娜,¥29.80,,6.8折,http://product.dangdang.com/23528897.html,幼儿园的一天,¥20.40,北京科学技术出版社,99.7%推荐
2014-05-01,413.,宋鸿兵,¥46.00,,6.9折,http://product.dangdang.com/23461677.html,货币战争3：金融高边疆（百万册升级版）（金融边疆安全则国家安全,¥31.70,长江文艺出版社,99.7%推荐
2014-04-01,414.,史蒂夫比达尔夫丰俊功宋修华,¥32.00,,7.5折,http://product.dangdang.com/23457691.html,养育男孩（典藏版）,¥24.00,中信出版社,99.5%推荐
2014-05-01,415.,芭芭拉明托汪洱,¥98.00,,5.0折,http://product.dangdang.com/23456389.html,金字塔原理大全集（麦肯锡40年经典培训教材）,¥49.40,南海出版社,99.7%推荐
2012-06-01,416.,柏拉图黄颖,¥35.00,,6.7折,http://product.dangdang.com/22765017.html,理想国,¥23.50,中国华侨出版社,99.3%推荐
2011-04-01,417.,杨澜朱冰,¥32.00,¥5.00,6.8折,http://product.dangdang.com/21061075.html,一问一世界,¥21.90,江苏人民出版社,99.1%推荐
2016-06-01,418.,蜜糖,¥38.00,,6.5折,http://product.dangdang.com/23960707.html,厨房里的妈妈超人——我家宝贝不挑食,¥24.70,青岛出版社,100.0%推荐
2015-10-01,419.,张艺兴,¥56.80,¥9.90,7.1折,http://product.dangdang.com/23777359.html,而立 24 （张艺兴首次记录成长点滴。6万字264页图文，随书赠送“,¥40.20,北京联合出版公司,99.4%推荐
2015-08-01,420.,韩寒,¥35.00,¥4.00,7.4折,http://product.dangdang.com/23751659.html,一个7：我们从未陌生过,¥25.90,浙江文艺出版社,99.8%推荐
2013-07-01,201.,Highlights杂志社,¥160.00,¥48.00,5.9折,http://product.dangdang.com/20948886.html,美国经典专注力培养大书 （全8册）,¥94.40,湖南少年儿童出版社,99.3%推荐
2015-12-01,202.,付守永,¥39.00,,6.5折,http://product.dangdang.com/23811600.html,工匠精神：向价值型员工进化——精装典藏新版，当当全国独家（团,¥25.40,中华工商联合出版社,99.7%推荐
2014-12-01,203.,甘地钟杰,¥22.00,,6.0折,http://product.dangdang.com/23727803.html,甘地自传  中小学生必读丛书 教育部新课标推荐书目,¥13.20,北京联合出版公司,100.0%推荐
2013-01-01,204.,成语大词典,¥99.80,,6.5折,http://product.dangdang.com/22925934.html,成语大词典（彩色本）最新修订版,¥64.90,商务印书馆国际有限公司,99.6%推荐
2016-06-01,205.,郑利强段虹,¥49.80,,6.5折,http://product.dangdang.com/23967348.html,我的第一本地理启蒙书,¥32.40,新世界出版社,98.0%推荐
2016-04-20,206.,莉兹克里莫,¥39.00,¥19.50,7.6折,http://product.dangdang.com/23946089.html,我可以咬一口吗（赠送当当独家授权明信片8张，《你今天真好看》作,¥29.60,天津人民出版社,99.7%推荐
2011-01-01,207.,约翰·赫斯特席玉苹,¥25.00,,5.0折,http://product.dangdang.com/22790242.html,你一定爱读的极简欧洲史,¥12.50,广西师范大学出版社,99.5%推荐
2016-03-15,208.,金一南,¥39.80,,6.7折,http://product.dangdang.com/23910506.html,心胜2——关于灵魂与血性,¥26.60,长江文艺出版社,99.9%推荐
2011-10-01,209.,当年明月,¥252.00,,5.7折,http://product.dangdang.com/22788660.html,明朝那些事儿全套（共9册增补版）,¥144.40,北京联合出版公司,99.5%推荐
2016-04-05,210.,于丹,¥42.00,,7.1折,http://product.dangdang.com/23946544.html,于丹：重温最美古诗词（再版）,¥29.80,北京联合出版公司,99.6%推荐
2014-12-01,211.,房龙寿韶峰,¥22.00,,6.0折,http://product.dangdang.com/23633425.html,音乐的故事（中小学生必读丛书--教育部新课标推荐书目),¥13.20,北京联合出版公司,100.0%推荐
2013-07-01,212.,八月长安,¥55.00,¥6.99,5.0折,http://product.dangdang.com/23277760.html,最好的我们（八月长安全新力作),¥27.50,湖南文艺出版社,99.3%推荐
2012-01-01,213.,周维丽,¥26.00,¥1.00,6.8折,http://product.dangdang.com/22624624.html,别让不好意思害了你,¥17.70,北京理工大学出版社,99.2%推荐
2009-02-01,214.,林汉达雪岗,¥49.00,,5.5折,http://product.dangdang.com/20516559.html,林汉达中国历史故事集（珍藏版）,¥27.00,中国少年儿童出版社,99.5%推荐
2016-05-01,215.,查克·温迪格,¥32.00,¥8.99,6.2折,http://product.dangdang.com/23924505.html,知更鸟女孩（媲美《偷影子的人》《忽然七日》，2016年感动全美的,¥19.90,百花洲文艺出版社,99.6%推荐
2011-06-01,216.,柯维王亦兵,¥39.00,,5.3折,http://product.dangdang.com/23662845.html,高效能人士的七个习惯（精华版）,¥20.50,中国青年出版社,99.3%推荐
2014-09-01,217.,亨利·戴维·梭罗徐迟,¥21.00,,7.1折,http://product.dangdang.com/23573365.html,新课标必读书目 瓦尔登湖,¥15.00,外文出版社,99.1%推荐
2015-08-18,218.,歪歪兔关键期早教项目组,¥90.00,,5.9折,http://product.dangdang.com/20927266.html,歪歪兔行为习惯（全新修订版）系列互动图画书（全10册，赠完整版,¥53.10,海豚出版社,98.8%推荐
2010-08-01,219.,项斯微,¥22.80,,8.0折,http://product.dangdang.com/20915898.html,男友告急,¥18.20,长江文艺出版社,94.6%推荐
2013-04-01,220.,罗广斌杨益言,¥26.00,,7.9折,http://product.dangdang.com/20495772.html,红岩,¥20.50,中国青年出版社,99.5%推荐
2016-01-01,281.,戴维·迈尔斯DavidMyers侯玉波乐国安张智勇,¥128.00,,6.4折,http://product.dangdang.com/23840740.html,社会心理学（第11版）,¥82.00,人民邮电出版社,99.3%推荐
2014-09-01,282.,陈谌,¥32.00,¥7.90,7.4折,http://product.dangdang.com/23554332.html,世界上所有童话都是写给大人看的,¥23.70,天津人民出版社,99.2%推荐
2014-06-01,283.,施耐庵张燕均,¥28.00,¥8.00,5.5折,http://product.dangdang.com/23486550.html,水浒传 （新课标青少版）,¥15.50,中国文史出版社,99.7%推荐
2014-05-01,284.,俞敏洪,¥36.00,¥10.00,7.5折,http://product.dangdang.com/23465354.html,在绝望中寻找希望：俞敏洪写给迷茫不安的年轻人（亲笔撰写半自传,¥27.00,中信出版社,99.5%推荐
2013-02-01,285.,克兰兹薛亚男,¥58.00,,5.7折,http://product.dangdang.com/23174548.html,独一无二的你+勇敢做自己,¥32.80,北京科学技术出版社,99.6%推荐
2011-02-01,286.,StaffanN·teberg,¥29.00,¥12.00,6.0折,http://product.dangdang.com/21021603.html,番茄工作法图解：简单易行的时间管理方法(流行的时间管理方法),¥17.40,人民邮电出版社,99.2%推荐
2016-05-01,287.,拿破仑·希尔,¥48.00,,6.2折,http://product.dangdang.com/23954897.html,心静的力量（全球销量超过亿册的成功学鼻祖拿破仑·希尔，晚年收,¥29.80,北京联合出版公司,99.0%推荐
2016-06-01,288.,英格丽多莱尔爱德加·帕林·多莱尔,¥88.00,,6.7折,http://product.dangdang.com/23950912.html,多莱尔的希腊神话书,¥59.00,江苏教育出版社,99.5%推荐
2015-06-01,289.,袋鼠妈妈童书,¥57.00,,5.6折,http://product.dangdang.com/23723384.html,全脑开发聪明贴纸书3-4岁（全六册）,¥32.10,江西美术出版社,99.6%推荐
2014-12-01,290.,刘慈欣,¥32.00,¥2.99,6.2折,http://product.dangdang.com/23595567.html,时间移民（2014中国好书榜获奖图书，刘慈欣中短篇小说集）,¥19.80,江苏文艺出版社,99.5%推荐
2014-06-01,291.,麦克尔莫斯利医学MichaelMosley咪咪史宾赛MimiSpencer谢佳真,¥36.80,¥7.99,7.2折,http://product.dangdang.com/23472049.html,轻断食：正在横扫全球的瘦身革命,¥26.50,广东科技出版社,99.4%推荐
2014-04-01,292.,马里奥普佐姚向辉祁阿红依廉,¥141.00,¥70.50,6.2折,http://product.dangdang.com/23439608.html,《教父》三部曲典藏版套装（电影《教父》原著小说，男人的圣经，,¥87.60,江苏文艺出版社,99.0%推荐
2013-01-01,293.,冯友兰涂又光,¥38.00,,6.2折,http://product.dangdang.com/23172414.html,冯友兰中国哲学简史,¥23.60,北京大学出版社,99.5%推荐
2012-12-01,294.,刘同,¥35.00,¥5.99,6.3折,http://product.dangdang.com/22925062.html,谁的青春不迷茫,¥22.00,中信出版社,98.8%推荐
2011-02-01,295.,高平,¥29.80,¥3.00,6.9折,http://product.dangdang.com/20877889.html,仓央嘉措（首部重现六世达赖绚丽一生及其经典情诗的传记文学作品,¥20.60,国际文化出版公司,98.7%推荐
2012-03-01,296.,徐客,¥68.00,¥12.00,5.7折,http://product.dangdang.com/22627427.html,山海经（白话全译彩图版）,¥38.60,陕西师范大学出版社,99.3%推荐
2015-08-01,297.,威廉·西尔斯荀寿温,¥45.80,,6.0折,http://product.dangdang.com/23755235.html,西尔斯怀孕百科（全新升级版） ,¥27.70,南海出版社,99.8%推荐
2014-11-01,298.,蕾切尔卡森吕瑞兰李长生,¥30.00,¥9.99,7.9折,http://product.dangdang.com/23658015.html,寂静的春天,¥23.70,上海译文出版社,99.5%推荐
2011-07-01,299.,三毛,¥24.00,,7.5折,http://product.dangdang.com/21127782.html,三毛：万水千山走遍,¥18.00,北京十月文艺出版社,99.6%推荐
2009-08-01,300.,中江嘉男上野纪子赵静文纪子,¥138.00,,5.9折,http://product.dangdang.com/20646032.html,可爱的鼠小弟（1-12）（平装）,¥81.40,南海出版社,99.1%推荐
2016-01-01,381.,食堂君,¥45.00,,6.8折,http://product.dangdang.com/23844322.html,陪你说一世晚安（无论感情曾经多么残缺，结局一定归于平静宽广。,¥30.80,北京联合出版公司,99.4%推荐
2015-12-01,382.,刘树屏画说汉字,¥99.00,,5.5折,http://product.dangdang.com/23833072.html,澄衷蒙学堂字课图说：白话全解版（全二册）,¥54.50,北京联合出版公司,100.0%推荐
2016-01-01,383.,辰格,¥32.80,,6.2折,http://product.dangdang.com/23823510.html,戒了吧！拖延症：21天搞定拖延症（升级版）,¥20.40,天津人民出版社,99.1%推荐
2015-09-01,384.,张嘉骅,¥100.00,,5.9折,http://product.dangdang.com/23778791.html,少年读史记（套装全5册）,¥59.00,青岛出版社,99.8%推荐
2012-11-01,385.,黑柳彻子黑柳朝赵玉皎,¥145.00,,6.3折,http://product.dangdang.com/23177807.html,窗边的小豆豆套装（全六册）,¥91.60,南海出版社,99.6%推荐
2012-12-01,386.,阿弗雷德阿德勒李青霞,¥22.00,¥0.90,6.3折,http://product.dangdang.com/22900953.html,自卑与超越（经典完整译本）,¥13.80,沈阳出版社,98.8%推荐
2012-11-01,161.,余秋雨,¥35.00,¥10.17,7.1折,http://product.dangdang.com/22910622.html,千年一叹,¥24.70,长江文艺出版社,99.5%推荐
2012-06-01,387.,张爱玲,¥28.00,,7.5折,http://product.dangdang.com/22782676.html,张爱玲全集02：红玫瑰与白玫瑰（2012年全新修订版）,¥21.00,北京十月文艺出版社,99.5%推荐
2012-05-01,388.,近藤麻理惠徐明中,¥28.00,,5.0折,http://product.dangdang.com/22775098.html,怦然心动的人生整理魔法（《时代》周刊“世界最有影响力100人”！,¥14.00,译林出版社,98.9%推荐
2012-07-01,389.,戴尔·卡耐基Carnegie王红星编,¥32.00,¥4.97,6.6折,http://product.dangdang.com/22754692.html,卡耐基沟通的艺术与处世智慧,¥21.10,中国华侨出版社,99.1%推荐
2014-01-12,390.,台湾牛顿出版公司,¥96.00,,4.1折,http://product.dangdang.com/20835775.html,小牛顿科学馆（第1辑，共6册）,¥39.50,贵州教育出版社,99.4%推荐
1973-12-01,391.,罗贯中,¥40.00,,7.8折,http://product.dangdang.com/9304478.html,三国演义（共两册）,¥31.10,人民文学出版社,99.4%推荐
2016-05-01,162.,斯蒂文·谢尔弗陈铭宇周莉池丽叶,¥66.00,,5.8折,http://product.dangdang.com/22742955.html,美国儿科学会育儿百科（2016最新修订，第6版）,¥38.00,北京科学技术出版社,99.5%推荐
2015-06-01,163.,夏目漱石曹曼,¥39.80,¥8.99,7.3折,http://product.dangdang.com/23706887.html,我是猫,¥29.20,浙江文艺出版社,99.4%推荐
2014-11-01,164.,黄卫伟,¥68.00,,6.0折,http://product.dangdang.com/23583713.html,以奋斗者为本：华为公司人力资源管理纲要（团购，请致电010-5799,¥40.80,中信出版社,99.8%推荐
2014-08-01,165.,大卫·香农DavidShannon,¥33.80,,6.2折,http://product.dangdang.com/23485739.html,大卫，不可以,¥20.90,河北教育出版社,99.7%推荐
2014-07-01,166.,八月长安,¥58.00,¥12.99,5.0折,http://product.dangdang.com/23484464.html,暗恋(橘生淮南)全两册,¥29.00,湖南文艺出版社,99.0%推荐
2015-10-01,392.,学诚法师贤帆贤书,¥119.40,,6.9折,http://product.dangdang.com/23793142.html,龙泉寺系列漫画三部曲,¥82.10,华文出版社,99.7%推荐
2015-07-01,393.,东野圭吾王蕴洁,¥39.80,¥12.99,6.2折,http://product.dangdang.com/23711075.html,虚无的十字架,¥24.60,湖南文艺出版社,99.7%推荐
2014-12-01,394.,夏沫,¥29.80,¥9.99,6.2折,http://product.dangdang.com/23598532.html,女人要懂一点交际心理学（畅销珍藏版）女人圈决定女人命，聪明的,¥18.60,煤炭工业出版社,99.0%推荐
2014-09-01,395.,笛福鹿金,¥20.80,,6.9折,http://product.dangdang.com/23574990.html,鲁滨逊漂流记（全译本 新课标必读 无障碍阅读素质版 朱永新及各省,¥14.40,商务印书馆,99.7%推荐
2014-03-01,396.,贝克·哈吉斯,¥24.00,,6.7折,http://product.dangdang.com/23442537.html,"管道的故事（成为百万富翁不仅仅是一种机会，更多的是一种选择,创",¥16.00,四川人民出版社,99.5%推荐
2013-09-01,167.,曹文轩,¥168.00,,5.9折,http://product.dangdang.com/23323691.html,曹文轩文集典藏版（全7册）,¥99.10,天天出版社有限责任公司,99.8%推荐
2016-02-02,168.,李寿生,¥58.00,,8.0折,http://product.dangdang.com/23906746.html,企业创新方法论,¥46.40,机械工业出版社,100.0%推荐
2014-07-01,169.,籽月,¥76.80,,6.8折,http://product.dangdang.com/23520850.html,《夏有乔木 雅望天堂》套装（共三册）,¥52.30,花山文艺出版社,98.7%推荐
2013-05-01,170.,菲比·吉尔曼,¥32.80,,6.5折,http://product.dangdang.com/23259520.html,信谊世界精选图画书·爷爷一定有办法,¥21.40,明天出版社,99.7%推荐
2011-09-01,171.,路遥,¥28.00,,5.5折,http://product.dangdang.com/22497108.html,平凡的世界（普及本）,¥15.40,北京十月文艺出版社,99.5%推荐
2011-06-10,397.,安妮鲜花,¥39.00,¥1.79,5.2折,http://product.dangdang.com/21101952.html,不能错过的英语启蒙—中国孩子的英语路线图,¥20.40,外语教学与研究出版社,99.4%推荐
2011-04-01,398.,索甲仁波切郑振煌,¥39.80,,6.8折,http://product.dangdang.com/21053526.html,西藏生死书,¥27.00,浙江大学出版社,99.6%推荐
2009-12-01,399.,米拦弗特毕沃琪顿漪然,¥188.00,,5.9折,http://product.dangdang.com/20812025.html,暖暖心绘本（全四辑19本）,¥110.90,湖南少儿出版社,99.8%推荐
2016-03-01,400.,宋鸿兵,¥138.00,,6.9折,http://product.dangdang.com/23923752.html,货币战争系列3册套装,¥95.20,长江文艺出版社,99.3%推荐
2008-08-01,172.,卡尔,¥39.80,,6.5折,http://product.dangdang.com/20263101.html,好饿的毛毛虫,¥25.90,明天出版社,99.2%推荐
2015-05-01,173.,商务印书馆辞书研究中心,¥79.90,,6.5折,http://product.dangdang.com/23711299.html,新华成语词典 第2版,¥52.00,商务印书馆,99.7%推荐
2009-03-01,174.,刘震云,¥29.80,,7.5折,http://product.dangdang.com/20531063.html,一句顶一万句,¥22.40,长江文艺出版社,0%推荐
2016-05-01,175.,朗达拜恩RhondaByrne,¥42.00,,7.7折,http://product.dangdang.com/23973546.html,力量（修订版）,¥32.30,湖南文艺出版社,100.0%推荐
2015-06-01,176.,哥伦马尔克斯杨玲,¥49.50,,7.5折,http://product.dangdang.com/23716798.html,霍乱时期的爱情（2015版）,¥37.10,南海出版社,99.7%推荐
2008-04-01,177.,郭敬明,¥23.00,,7.5折,http://product.dangdang.com/20177567.html,幻城,¥17.30,长江文艺出版社,98.9%推荐
2002-02-01,178.,史蒂芬·霍金,¥45.00,,6.9折,http://product.dangdang.com/463785.html,时间简史（插图本）,¥31.10,湖南科技出版社,99.2%推荐
2007-01-01,179.,唐晋,¥56.00,,6.9折,http://product.dangdang.com/9239276.html,大国崛起(以历史的眼光和全球的视野解读15世纪以来9个世界性大国,¥38.50,人民出版社,98.7%推荐
2015-05-01,180.,刘乃进,¥68.00,¥40.79,7.7折,http://product.dangdang.com/23692650.html,私募股权基金筹备、运营与管理：法律实务与操作细节,¥52.50,法律出版社,0%推荐
2015-03-01,141.,曹文轩,¥25.00,,5.3折,http://product.dangdang.com/23662022.html,草房子,¥13.20,天天出版社有限责任公司,99.7%推荐
2007-01-01,221.,不丹宗萨蒋扬钦哲仁波切姚仁喜,¥25.00,,5.3折,http://product.dangdang.com/9251081.html,正见：佛陀的证悟,¥13.20,中国友谊出版公司,99.5%推荐
2016-04-01,142.,石田衣良,¥36.00,¥18.00,7.0折,http://product.dangdang.com/23921861.html,孤独小说家（十年前的梦想，如果还没有熄灭，就让它永远燃烧吧！,¥25.20,北京联合出版公司,0%推荐
2015-05-01,143.,兰道尔·门罗,¥49.80,,5.3折,http://product.dangdang.com/23678218.html,那些古怪又让人忧心的问题what if?,¥26.40,北京联合出版公司,99.5%推荐
2016-03-01,144.,习骅,¥42.00,,7.8折,http://product.dangdang.com/23913021.html,中国历史的教训（精装版）,¥32.80,中信出版社,99.4%推荐
2014-08-01,145.,夏墨,¥29.80,,6.0折,http://product.dangdang.com/23550525.html,最贤的妻，最才的女——杨绛传（一生一世一双人的典范。杨绛之后,¥17.80,民主与建设出版社,99.6%推荐
2013-09-01,146.,龙应台,¥32.80,,6.9折,http://product.dangdang.com/23331621.html,回忆是一种淡淡的痛,¥22.50,中国友谊出版公司,99.3%推荐
2012-08-01,147.,乔治M.卡帕卡,¥24.90,¥9.99,6.9折,http://product.dangdang.com/22818816.html,这样跟孩子定规矩，孩子最不会抵触,¥17.20,北京联合出版公司,99.6%推荐
2015-06-01,222.,凯斯邢世阳,¥39.00,,6.3折,http://product.dangdang.com/23712363.html,24个比利（多重人格分裂纪实小说，莱昂纳多为之等待20年的“故事,¥24.60,外语教学与研究出版社,99.7%推荐
2011-06-01,223.,乔安娜柯尔布鲁斯迪根漆仰平汪晓英静博,¥128.00,,5.9折,http://product.dangdang.com/21085963.html,神奇校车·阅读版（全16册）,¥75.50,贵州人民出版社,99.3%推荐
2011-01-01,224.,史铁生,¥23.00,,6.5折,http://product.dangdang.com/21009821.html,我与地坛,¥15.00,人民文学出版社,99.4%推荐
2016-03-01,225.,杨德山韩宇,¥32.00,,6.8折,http://product.dangdang.com/23867109.html,中共党史简明读本（2016版）,¥21.80,华文出版社,100.0%推荐
2010-03-01,226.,老舍吴福辉,¥25.00,,7.0折,http://product.dangdang.com/20803204.html,老舍集：骆驼祥子,¥17.50,南海出版社,99.6%推荐
2016-01-01,148.,卢森堡阮胤华,¥33.00,,7.2折,http://product.dangdang.com/23807861.html,非暴力沟通,¥23.60,华夏出版社,99.9%推荐
2015-06-01,149.,威廉西尔斯邵燕美,¥59.80,,6.3折,http://product.dangdang.com/23709130.html,西尔斯亲密育儿百科（最新修订版）,¥37.80,南海出版社,99.8%推荐
2016-05-01,150.,苑子文苑子豪,¥38.00,¥13.99,5.5折,http://product.dangdang.com/23941431.html,穿越人海拥抱你 百万畅销书作家苑子文豪2016全新作品,¥20.90,湖南文艺出版社,99.6%推荐
2013-07-01,151.,施定柔,¥59.80,,7.1折,http://product.dangdang.com/23268001.html,沥川往事（上、下册）,¥42.50,浙江文艺出版社,0%推荐
2016-05-01,227.,郭敬明,¥32.80,,7.7折,http://product.dangdang.com/23955002.html,幻城：十年纪念珍藏版（郭敬明寄语印章本）,¥25.20,湖南文艺出版社,96.9%推荐
2015-12-01,228.,亚历山德拉米热林斯卡丹尼尔米热林斯基乌兰,¥98.00,,5.9折,http://product.dangdang.com/23806266.html,《地下水下》手绘百科绘本,¥57.80,贵州人民出版社,99.8%推荐
2016-05-01,229.,孙频,¥38.00,,6.9折,http://product.dangdang.com/23966459.html,疼（莫言、阎连科、韩少功、苏童力荐作品！）,¥26.30,北京联合出版公司,0%推荐
2016-05-17,230.,莉兹克里莫,¥78.00,,7.5折,http://product.dangdang.com/23960242.html,你今天真好看，我可以咬一口吗（蠢萌套装2册）,¥58.50,HarperCollins UK,0%推荐
2012-06-01,152.,张爱玲,¥29.80,,7.8折,http://product.dangdang.com/22782677.html,张爱玲全集01：倾城之恋（2012年全新修订版）,¥23.30,北京十月文艺出版社,99.5%推荐
2016-04-05,153.,杰克·韦尔奇苏茜·韦尔奇,¥49.00,¥28.90,6.7折,http://product.dangdang.com/23919205.html,商业的本质,¥32.80,中信出版社,99.6%推荐
2015-09-01,154.,霍达,¥49.80,,7.8折,http://product.dangdang.com/23780305.html,穆斯林的葬礼（2015版）,¥38.80,北京十月文艺出版社,99.8%推荐
2012-10-01,155.,李昊轩,¥32.00,¥2.99,6.2折,http://product.dangdang.com/22861683.html,一本书读懂销售心理学（畅销书）（珍藏版）,¥19.90,中国商业出版社,98.9%推荐
2016-02-01,231.,艾明雅,¥36.80,,5.6折,http://product.dangdang.com/23793933.html,嘿，三十岁,¥20.70,江苏文艺出版社,99.4%推荐
2014-10-01,232.,桑德伯格颜筝曹定王占华,¥49.00,,6.3折,http://product.dangdang.com/23574068.html,向前一步(珍藏版),¥30.90,中信出版社,99.6%推荐
2013-11-01,233.,岛田洋七陈宝莲,¥29.80,,5.7折,http://product.dangdang.com/23368941.html,佐贺的超级阿嬷,¥17.00,南海出版社,99.9%推荐
2012-09-01,234.,玛丁妮阿加西伊丽莎白弗迪克玛丽卡海因莱因陈薇薇,¥58.00,¥1.00,5.9折,http://product.dangdang.com/22871095.html,手不是用来打人的 (全4册),¥34.20,新世界出版社,99.4%推荐
2016-01-01,235.,格里贝利费利西娅劳迈克菲利普斯李耘,¥89.00,,5.7折,http://product.dangdang.com/23831399.html,走进奇妙的几何世界（全6册）,¥50.30,浙江教育出版社,99.5%推荐
2007-05-01,156.,斯凯瑞李晓评,¥83.20,,5.9折,http://product.dangdang.com/9284655.html,斯凯瑞金色童书·第一辑（全4册）,¥49.10,贵州人民出版社,98.8%推荐
2008-07-01,157.,曹雪芹无名氏,¥59.70,,6.5折,http://product.dangdang.com/102771.html,红楼梦（上、下册）（全两册）,¥39.00,人民文学出版社,99.1%推荐
2015-04-01,158.,林清玄,¥39.80,,6.9折,http://product.dangdang.com/23683019.html,你心柔软，却有力量--林清玄最新散文精选,¥27.30,长江文艺出版社,99.7%推荐
2015-04-08,159.,张皓宸,¥36.00,¥12.00,7.6折,http://product.dangdang.com/23668351.html,我与世界只差一个你（韩寒、湖南卫视《天天向上》栏目推荐）,¥27.40,天津人民出版社,99.4%推荐
2013-03-01,160.,邱锦伶,¥32.00,,4.6折,http://product.dangdang.com/23197299.html,孙俪推荐吃到自然瘦——明星养生顾问的择食之道,¥14.70,广西科学技术出版社,98.9%推荐
2013-06-01,121.,麦克伦尼赵明燕,¥29.90,,6.0折,http://product.dangdang.com/23282069.html,简单的逻辑学,¥18.00,浙江人民出版社,0%推荐
2015-10-12,236.,AnneDeans,¥55.00,,6.2折,http://product.dangdang.com/20622432.html,怀孕圣经（10年6版全国热销百万册，彩色图文怀孕书著名品牌，英国,¥34.10,山东科学技术出版社,99.3%推荐
2015-02-01,237.,张晓萍,¥29.00,,6.0折,http://product.dangdang.com/23640199.html,超值畅销-好妈妈不打不骂培养男孩300个细节,¥17.40,南海出版社,99.7%推荐
2014-11-01,238.,石胁智广,¥32.80,,5.3折,http://product.dangdang.com/23594091.html,你不懂咖啡：有料、有趣、还有范儿的咖啡知识百科,¥17.40,江苏文艺出版社,99.4%推荐
2013-06-01,239.,钱钟书王晓,¥28.00,,7.5折,http://product.dangdang.com/23269594.html,《围城》,¥21.00,人民文学出版社,99.6%推荐
2015-05-01,361.,罗大伦,¥39.90,,5.5折,http://product.dangdang.com/23714066.html,图解舌诊：伸伸舌头百病消（当当特供《罗博士开给全家老小的实用,¥22.00,江西科学技术出版社,99.8%推荐
2013-09-01,122.,大冰,¥35.00,,5.8折,http://product.dangdang.com/23317693.html,他们最幸福,¥20.30,中信出版社,99.3%推荐
2013-08-01,123.,亨利·戴维·梭罗李继宏,¥39.80,¥7.99,7.5折,http://product.dangdang.com/23300736.html,瓦尔登湖 （清华大学校长邱勇推荐，导读注释版，千万畅销书《小王,¥29.80,天津人民出版社,99.6%推荐
2016-05-15,124.,加·泽文,¥36.00,¥18.00,7.0折,http://product.dangdang.com/23966523.html,玛格丽特小镇（《岛上书店》作者新作）,¥25.20,江苏文艺出版社,99.2%推荐
2008-01-01,240.,维克多·雨果VictorHugo,¥25.00,,7.0折,http://product.dangdang.com/20029871.html,巴黎圣母院(世界十大文学名著)（是雨果用心灵创作的，其中饱含了,¥17.50,上海文艺出版社,99.2%推荐
2014-12-01,362.,刘慈欣,¥32.00,¥6.99,6.2折,http://product.dangdang.com/23595604.html,2018（刘慈欣中短篇小说集，其中包括《2018》《超新星纪元》《白,¥19.70,江苏文艺出版社,99.7%推荐
2014-04-01,363.,汪曾祺,¥34.80,,5.7折,http://product.dangdang.com/23454465.html,人间草木,¥19.70,天津人民出版社,99.4%推荐
2014-01-01,364.,斯科特·扬程冕,¥35.00,¥18.00,6.3折,http://product.dangdang.com/23383472.html,如何高效学习：1年完成麻省理工4年33门课程的整体性学习法（中文,¥22.00,机械工业出版社,0%推荐
2013-07-01,365.,阿加莎·克里斯蒂夏阳,¥28.00,,7.5折,http://product.dangdang.com/23311508.html,无人生还：阿加莎 克里斯蒂作品集10（销售记录超过一亿册的侦探小,¥21.00,新星出版社,99.5%推荐
2012-09-01,366.,南朝·宋刘义庆,¥39.80,¥23.90,7.9折,http://product.dangdang.com/22879437.html,世说新语（精装珍藏本),¥31.40,中国画报出版社,99.2%推荐
2006-10-01,125.,斯塔夫里阿诺斯吴象婴,¥96.00,,6.2折,http://product.dangdang.com/9231298.html,全球通史:从史前史到21世纪（第7版修订版上下册，当当独家赠送全,¥59.60,北京大学出版社,99.1%推荐
2013-06-01,126.,拜恩谢明宪,¥32.00,,5.5折,http://product.dangdang.com/23237146.html,秘密,¥17.60,湖南文艺出版社,99.4%推荐
2015-02-01,127.,泰勒林隆全,¥35.00,¥10.99,7.5折,http://product.dangdang.com/23640176.html,斯坦福极简经济学 2015年度经管类好书,¥26.30,湖南人民出版社,99.5%推荐
2013-08-01,128.,川端康成叶渭渠唐月梅,¥32.00,,7.5折,http://product.dangdang.com/23301044.html,雪国,¥24.00,南海出版社,0%推荐
2014-11-01,129.,丁墨,¥45.00,,6.2折,http://product.dangdang.com/23582422.html,你和我的倾城时光  胡歌也在看的书,¥27.80,百花洲文艺出版社,99.4%推荐
2014-07-01,101.,刘同,¥39.80,¥16.95,5.8折,http://product.dangdang.com/23480636.html,你的孤独，虽败犹荣:谁的青春不迷茫系列之二,¥23.10,中信出版社,99.5%推荐
2015-04-01,81.,龙应台,¥36.00,,7.7折,http://product.dangdang.com/23710134.html,亲爱的安德烈（插图第2版）,¥27.60,广西师范大学出版社,0%推荐
1982-02-01,367.,韩树英,¥29.80,,7.9折,http://product.dangdang.com/22497497.html,通俗哲学（修订版）,¥23.50,中国青年出版社,0%推荐
2010-11-01,368.,安妮·默勒王乾坤,¥25.00,,6.3折,http://product.dangdang.com/20957093.html,一粒种子的旅行,¥15.80,南海出版社,99.4%推荐
2016-05-31,369.,徐明星刘勇段新星郭大治,¥58.00,¥35.40,8.0折,http://product.dangdang.com/23966415.html,区块链：重塑经济与世界,¥46.40,中信出版社,98.1%推荐
2015-06-01,370.,袋鼠妈妈童书,¥57.00,,5.4折,http://product.dangdang.com/23723385.html,全脑开发聪明贴纸书2-3岁（全六册）,¥30.90,江西美术出版社,99.7%推荐
2015-02-01,371.,熊培云,¥42.00,,6.3折,http://product.dangdang.com/23624868.html,自由在高处（增订版）,¥26.40,新星出版社,99.6%推荐
2010-08-01,372.,昆德拉许钧,¥35.00,¥0.01,7.9折,http://product.dangdang.com/23477071.html,不能承受的生命之轻(百万纪念版)(米兰.昆德拉作品系列),¥27.60,上海译文出版社,99.4%推荐
2015-05-01,373.,龙应台,¥39.80,¥9.99,7.0折,http://product.dangdang.com/23462460.html,野火集：三十周年纪念版,¥27.90,广西师范大学出版社,99.7%推荐
2008-01-01,130.,玛莉阿丽娜·巴文克斯多夫·勒·马斯尼梅莉,¥45.00,,5.9折,http://product.dangdang.com/20102796.html,小兔汤姆系列（第一辑）（全六册 ）,¥26.60,海燕出版社,99.1%推荐
2014-07-01,131.,武志红,¥39.80,¥6.65,5.7折,http://product.dangdang.com/23487126.html,为何家会伤人,¥22.70,北京联合出版公司,99.7%推荐
2009-02-01,132.,佐佐木洋子,¥89.60,,5.8折,http://product.dangdang.com/20530151.html,噼里啪啦系列（共7册）,¥51.60,二十一世纪出版社集团有限公司发行部,99.2%推荐
2008-01-01,133.,戴尔·卡耐基,¥25.00,¥1.79,5.2折,http://product.dangdang.com/512019.html,人性的弱点全集,¥13.10,中国发展出版社,98.6%推荐
2013-02-01,134.,杨红樱,¥160.00,,5.8折,http://product.dangdang.com/23162001.html,杨红樱淘气包马小跳典藏版一辑（共10册）,¥92.60,浙江少年儿童出版社,99.8%推荐
2015-08-10,102.,艾迪特·史莱博·维克达格玛·盖斯勒张清泉尔矣,¥98.00,,5.9折,http://product.dangdang.com/23748591.html,学会爱自己（第3辑 全7册）,¥57.80,青岛出版社,99.8%推荐
2014-04-01,103.,乔安娜柯尔布鲁斯迪根施芳,¥150.00,,6.2折,http://product.dangdang.com/23444350.html,神奇校车·桥梁书版（全20册）,¥93.50,贵州人民出版社,99.5%推荐
2014-07-01,104.,贝克特尔陈芳芳,¥36.00,¥6.99,5.0折,http://product.dangdang.com/23506788.html,跟任何人都聊得来,¥18.00,九州出版社,99.7%推荐
2014-11-01,105.,尹建莉,¥38.00,,5.0折,http://product.dangdang.com/23601973.html,好妈妈胜过好老师（纪念版）,¥19.00,作家出版社,99.8%推荐
2016-01-01,82.,毛姆李继宏,¥48.00,¥9.99,7.5折,http://product.dangdang.com/23855757.html,"月亮和六便士（央视新闻推荐，导读注释版,毛姆现实主义文学代表作",¥35.90,天津人民出版社,99.6%推荐
2012-10-01,83.,王小波,¥25.00,,7.0折,http://product.dangdang.com/22883486.html,沉默的大多数,¥17.50,北京工业大学出版社,0%推荐
2013-01-01,84.,菲兹杰拉德李继宏,¥32.00,¥6.99,7.5折,http://product.dangdang.com/23170827.html,了不起的盖茨比,¥23.90,天津人民出版社,99.6%推荐
2015-05-01,85.,稻盛和夫曹岫云,¥39.00,¥7.99,6.0折,http://product.dangdang.com/23692356.html,干法,¥23.40,机械工业出版社,99.8%推荐
2014-03-01,374.,亚伦卡尔严冬冬,¥32.80,¥16.80,5.1折,http://product.dangdang.com/23432940.html,这书能让你戒烟,¥16.80,中华工商联合出版社,99.6%推荐
2013-03-01,375.,巴金,¥33.00,,7.5折,http://product.dangdang.com/23272992.html,《家》--巴金 激流三部曲全新改版重装上市 封面精致淡雅  形象诠,¥24.60,人民文学出版社,99.5%推荐
2012-12-01,376.,托克维尔王千石,¥24.80,,5.6折,http://product.dangdang.com/23041566.html,旧制度与大革命（国务院副总理王岐山频繁推荐，易纲、许小年、任,¥14.00,九州出版社,98.5%推荐
2012-05-01,377.,汉竹,¥35.00,,7.0折,http://product.dangdang.com/22740840.html,睡前胎教故事（汉竹）睡前一个小故事，给宝宝一个甜甜的梦,¥24.50,江苏科学技术出版社,99.3%推荐
2009-12-01,135.,博克蒋永强陆正芳,¥39.80,,6.0折,http://product.dangdang.com/20757881.html,拖延心理学：向与生俱来的行为顽症宣战,¥23.90,中国人民大学出版社,99.1%推荐
2003-07-01,136.,史蒂夫·尼森丁圣元,¥60.00,,6.0折,http://product.dangdang.com/143407.html,日本蜡烛图技术：古老东方投资术的现代指南,¥36.00,地震出版社,99.3%推荐
2007-07-01,137.,村上春树林少华,¥28.00,,7.2折,http://product.dangdang.com/23455718.html,挪威的森林,¥20.20,上海译文出版社,98.6%推荐
2016-04-11,41.,刘同,¥42.00,¥18.00,6.8折,http://product.dangdang.com/23923602.html,向着光亮那方：谁的青春不迷茫系列之三,¥28.40,中信出版社,99.7%推荐
2015-12-01,106.,科恩李岩伍娜高晓静,¥84.00,,7.0折,http://product.dangdang.com/23803045.html,《游戏力》套装全2册,¥58.80,中国人口出版社,99.8%推荐
2016-03-01,107.,稻盛和夫曹岫云,¥35.00,,6.5折,http://product.dangdang.com/23932960.html,阿米巴经营——畅销十周年纪念版，当当全国独家（团购，请致电01,¥22.80,中国大百科全书出版社,99.9%推荐
2016-01-01,108.,天下霸唱,¥248.40,,5.8折,http://product.dangdang.com/23808814.html,鬼吹灯全集（套装共8册）,¥145.00,青岛出版社,99.6%推荐
2015-05-15,109.,斯宾塞·约翰逊SpencerJohnson,¥25.00,¥13.20,6.3折,http://product.dangdang.com/23689633.html,谁动了我的奶酪？,¥15.70,中信出版社,99.5%推荐
2014-05-01,86.,安东尼·布朗,¥71.60,,6.4折,http://product.dangdang.com/23483032.html,我爸爸+我妈妈（全2册）,¥45.60,   ,99.8%推荐
2015-01-01,87.,蒂尔马斯特斯高玉芳,¥45.00,¥18.00,6.0折,http://product.dangdang.com/23631999.html,从0到1：开启商业与未来的秘密,¥27.00,中信出版社,99.6%推荐
2014-01-01,88.,辉姑娘,¥36.00,,7.5折,http://product.dangdang.com/23391113.html,一切都是最好的安排,¥26.90,中信出版社,0%推荐
2012-04-01,378.,埃尔维杜莱,¥35.00,¥1.00,7.7折,http://product.dangdang.com/22725339.html,点点点（小黄和小蓝升级版）,¥27.00,２１世纪出版社,99.4%推荐
2011-10-01,379.,陈宝英孕产育儿研究中心,¥36.80,,5.6折,http://product.dangdang.com/22530017.html,新生儿婴儿护理百科全书,¥20.70,中国人口出版社,99.5%推荐
2006-06-01,380.,马克思维尔修斯,¥57.60,,5.9折,http://product.dangdang.com/9203153.html,青蛙弗洛格的成长故事（第一辑 全12册）,¥34.00,湖南少年儿童出版社有限责任公司,99.0%推荐
2013-10-01,138.,东野圭吾李炜,¥39.50,,7.2折,http://product.dangdang.com/23338629.html,幻夜（《白夜行》姊妹篇，东野圭吾“绝望之书”第二弹）,¥28.60,南海出版社,99.5%推荐
2009-11-01,139.,伊索林维,¥22.00,¥5.99,5.7折,http://product.dangdang.com/20713923.html,伊索寓言（中小学生必读丛书--教育部新课标推荐书目),¥12.50,陕西师范大学出版社,99.5%推荐
2003-10-01,140.,格里格津巴多王垒王甦,¥88.00,,6.4折,http://product.dangdang.com/8760675.html,心理学与生活（第16版，中文版）,¥56.40,人民邮电出版社,98.9%推荐
2010-07-01,42.,安德里亚·怀特林瑞纯,¥22.00,,8.5折,http://product.dangdang.com/20888029.html,窗边的男孩,¥18.70,长江文艺出版社,98.0%推荐
2016-01-01,43.,特立独行的猫,¥36.80,,5.4折,http://product.dangdang.com/23806216.html,当你的才华还撑不起你的梦想时,¥20.00,武汉出版社,99.4%推荐
2015-11-01,44.,圣埃克苏佩里罗成译,¥29.80,¥8.94,6.4折,http://product.dangdang.com/23816437.html,小王子（作者诞辰115周年双语珍藏版）,¥19.00,中国华侨出版社,99.2%推荐
2013-01-01,45.,柴静,¥39.80,¥6.99,5.0折,http://product.dangdang.com/22924035.html,看见,¥19.90,广西师范大学出版社,0%推荐
2014-11-01,110.,J.K.罗琳苏农,¥345.00,,6.5折,http://product.dangdang.com/23580693.html,哈利·波特 （1-7）全新版套装,¥224.30,人民文学出版社,99.5%推荐
2016-01-01,111.,钟基李先银王身钢,¥60.00,,6.0折,http://product.dangdang.com/23880991.html,古文观止（上下册）（中华经典藏书·升级版）,¥36.00,中华书局,99.5%推荐
2013-09-01,112.,沈从文,¥35.00,¥0.01,6.2折,http://product.dangdang.com/23311849.html,边城（最新修订纪念典藏版）,¥21.60,武汉出版社,99.6%推荐
2011-04-01,113.,乔安娜柯尔布鲁斯迪根漆仰平,¥80.00,,5.9折,http://product.dangdang.com/21057878.html,神奇校车·动画版（全10册）,¥47.20,贵州人民出版社,99.4%推荐
2010-09-01,89.,西奥迪尼闾佳,¥45.00,¥0.01,7.5折,http://product.dangdang.com/20924641.html,影响力（经典版）,¥33.80,万卷出版公司,99.3%推荐
2004-01-01,90.,艾德勒范多伦郝明义朱衣,¥42.00,,6.5折,http://product.dangdang.com/23438061.html,如何阅读一本书,¥27.30,商务印书馆,99.1%推荐
2013-02-01,91.,南派三叔,¥295.20,,7.1折,http://product.dangdang.com/23210002.html,盗墓笔记：六周年完美纪念套装（盗墓笔记全套，豪华装帧，极致呈,¥210.30,上海文化出版社,99.1%推荐
2013-08-01,92.,宫西达也蒲蒲兰,¥96.00,,5.9折,http://product.dangdang.com/23338492.html,你看起来好像很好吃（全6册）,¥56.60,２１世纪出版社,99.8%推荐
2014-12-01,46.,蔡崇达,¥39.80,¥9.99,7.6折,http://product.dangdang.com/23604128.html,皮囊（感动百万读者的国民读本，韩寒监制，刘德华、李敬泽作序）,¥30.20,天津人民出版社,99.6%推荐
2014-08-01,47.,亚历山德拉·米热林斯卡丹尼尔·米热林斯基,¥98.00,,6.2折,http://product.dangdang.com/23523508.html,《地图（人文版）》手绘世界地图·儿童百科绘本,¥61.10,贵州人民出版社,99.8%推荐
2015-09-01,48.,高春香邵敏许明振李婧,¥100.00,,5.9折,http://product.dangdang.com/23808035.html,这就是二十四节气（文津图书奖获奖作品，共4册）,¥59.00,海豚出版社,99.8%推荐
2016-01-15,114.,约翰C.麦克斯维尔JohnC.Maxwell路本福路卫军,¥45.00,¥27.00,6.9折,http://product.dangdang.com/23834455.html,领导力21法则：追随这些法则，人们就会追随你,¥31.10,北京时代华文书局,99.7%推荐
2015-03-01,115.,毛姆傅惟慈,¥36.00,,7.7折,http://product.dangdang.com/23684875.html,月亮和六便士(译文经典.精）,¥27.80,上海译文出版社,99.7%推荐
2007-08-01,116.,杨绛,¥18.00,¥0.01,7.0折,http://product.dangdang.com/22892522.html,走到人生边上——自问自答,¥12.60,商务印书馆,99.2%推荐
2016-02-01,117.,李尚龙,¥38.00,¥13.99,5.0折,http://product.dangdang.com/23907118.html,你所谓的稳定，不过是在浪费生命：李尚龙2016新作（当当定制版）,¥19.00,湖南文艺出版社,99.5%推荐
2011-08-01,118.,肖以默,¥24.80,,8.0折,http://product.dangdang.com/22464110.html,昔夏杉树镇,¥19.80,长江文艺出版社,98.1%推荐
2013-12-04,93.,西格蒙德·弗洛伊德孙名之,¥36.00,,7.5折,http://product.dangdang.com/22472496.html,梦的解析（软精装珍藏本）,¥27.00,国际文化出版公司,98.6%推荐
2009-09-01,94.,德鲁克DruckerP.F许是祥,¥30.00,¥5.52,6.0折,http://product.dangdang.com/20687090.html,卓有成效的管理者（珍藏版）,¥18.00,机械工业出版社,99.3%推荐
2012-01-01,95.,冯源,¥22.80,¥0.01,8.0折,http://product.dangdang.com/22575086.html,《八音盒》,¥18.20,长江文艺出版社,97.8%推荐
2013-07-01,96.,山下英子吴倩,¥32.00,,5.5折,http://product.dangdang.com/23271503.html,断舍离,¥17.60,广西科学技术出版社,99.4%推荐
2016-04-01,49.,采铜,¥38.00,¥14.00,6.8折,http://product.dangdang.com/23932492.html,精进：如何成为一个很厉害的人,¥25.80,江苏文艺出版社,0%推荐
2016-06-01,50.,保罗,¥38.00,,7.0折,http://product.dangdang.com/23966417.html,答案之书(我的人生解答书),¥26.60,百花洲文艺出版社,96.6%推荐
2013-06-01,51.,克利斯提昂约里波瓦郑迪蔚克利斯提昂艾利施,¥120.00,,5.4折,http://product.dangdang.com/23257828.html,不一样的卡梅拉 全套（1-12册）,¥65.00,２１世纪出版社,99.6%推荐
2015-01-01,52.,凯莉史密斯,¥32.00,¥0.01,5.3折,http://product.dangdang.com/23619418.html,做了这本书（9-101岁都适用的创意书；长踞美国、英国、加拿大、西,¥17.00,湖北科学技术出版社,98.8%推荐
2014-04-01,119.,陈卫平,¥355.00,,5.9折,http://product.dangdang.com/23427436.html,写给儿童的中国历史（全14册）,¥209.50,新世界出版社,99.8%推荐
2015-03-01,120.,崔玉涛,¥320.00,,5.9折,http://product.dangdang.com/23675830.html,崔玉涛图解家庭育儿书1-10全套,¥188.00,东方出版社,99.7%推荐
2007-11-01,97.,丹姆漆仰平爱桐,¥35.00,¥2.00,5.9折,http://product.dangdang.com/20039611.html,小熊和最好的爸爸（全7册）,¥20.70,贵州人民出版社,98.5%推荐
2016-05-01,98.,学诚法师,¥39.80,,7.7折,http://product.dangdang.com/23954998.html,愿你没有白白受苦:学诚法师开示人生智慧（附赠定制书签）,¥30.60,台海出版社,100.0%推荐
2004-10-01,99.,佐野洋子唐亚明,¥28.00,,5.7折,http://product.dangdang.com/20416433.html,活了100万次的猫（精装）,¥16.00,接力出版社,99.2%推荐
2010-12-01,100.,梭罗田伟华,¥28.00,¥3.60,6.0折,http://product.dangdang.com/20971873.html,瓦尔登湖(珍藏本),¥16.80,中国三峡出版社,0%推荐
2007-10-01,53.,贾德萧宝森,¥26.00,¥6.99,6.8折,http://product.dangdang.com/20053088.html,苏菲的世界,¥17.80,作家出版社,98.9%推荐
2013-11-01,54.,芭芭拉·明托汪洱高愉,¥49.00,,5.0折,http://product.dangdang.com/23360386.html,金字塔原理（麦肯锡40年经典培训教材）,¥24.40,南海出版社,99.7%推荐
2015-05-01,55.,傅雷朱梅馥傅聪傅敏,¥29.80,,5.5折,http://product.dangdang.com/23700434.html,傅雷家书（学生读本）,¥16.40, 江苏凤凰文艺出版社,99.8%推荐
2016-05-01,56.,唐七,¥35.00,,3.4折,http://product.dangdang.com/23954326.html,四幕戏·起：唐七沉淀四年全新力作,¥12.00,湖南文艺出版社,99.3%推荐
2013-12-01,57.,王小波,¥25.00,,7.0折,http://product.dangdang.com/22883485.html,一只特立独行的猪,¥17.50,北京工业大学出版社,99.0%推荐
2015-11-01,58.,乔汉娜贝斯福JohannaBasford,¥87.90,,5.9折,http://product.dangdang.com/23759947.html,秘密花园+24色彩色铅笔套装,¥52.30,北京联合出版公司,99.8%推荐
2013-09-01,59.,蕾秋·乔伊斯黄妙瑜,¥32.80,¥6.65,5.0折,http://product.dangdang.com/23313543.html,一个人的朝圣,¥16.40,北京联合出版公司,99.6%推荐
2015-04-01,60.,杨绛,¥35.00,,5.5折,http://product.dangdang.com/23708986.html,我们仨（新版精装）,¥19.30,生活·读书·新知三联书店,99.8%推荐
2014-11-01,301.,尼娜兰登张芳,¥90.00,,5.9折,http://product.dangdang.com/23636868.html,猜猜我是谁系列套装（全4册）,¥53.10,未来出版社,99.3%推荐
2014-11-01,302.,法律出版社法规中心,¥20.00,¥6.00,6.1折,http://product.dangdang.com/23614445.html,中华人民共和国民法通则注释本（注释本 民法通则）,¥12.10,法律出版社,99.3%推荐
2014-07-01,303.,郑迪蔚,¥100.00,,6.5折,http://product.dangdang.com/23533306.html,不一样的卡梅拉 动漫版 第3季(共10册）(13-22),¥64.90,,99.8%推荐
2014-07-01,304.,卢思浩,¥35.80,¥12.99,6.9折,http://product.dangdang.com/23503552.html,愿有人陪你颠沛流离,¥24.60,湖南文艺出版社,99.3%推荐
2014-01-01,305.,漫工厂出品南派三叔,¥58.80,,5.0折,http://product.dangdang.com/23387226.html,《盗墓笔记老九门大画集：九门异闻录》（翻开它，定深爱。九门提,¥29.40,长江文艺出版社,98.9%推荐
2016-04-01,306.,籽月,¥88.00,,7.5折,http://product.dangdang.com/23930922.html,夏有乔木雅望天堂 影视典藏版全本,¥66.00,花山文艺出版社,98.9%推荐
2015-11-01,307.,袁了凡,¥29.80,¥8.94,6.0折,http://product.dangdang.com/23826346.html,了凡四训:精装典藏本,¥17.90,万卷出版公司,100.0%推荐
2015-05-01,308.,木头人儿童创想中心,¥87.00,,5.6折,http://product.dangdang.com/23700790.html,培养孩子强大内心—亲子情商教育系列（全6册）,¥48.90,中国人口出版社,99.8%推荐
2014-12-01,309.,J.D塞林格施咸荣,¥28.00,,7.6折,http://product.dangdang.com/23644886.html,经典译林：麦田里的守望者（精装）,¥21.20,译林出版社,99.7%推荐
2013-10-01,310.,李笑来,¥59.00,,7.1折,http://product.dangdang.com/23355941.html,把时间当作朋友（第3版）（全彩）,¥42.10,电子工业出版社,99.4%推荐
2013-10-01,311.,赫德黄逎毓,¥26.80,,6.5折,http://product.dangdang.com/23353916.html,逃家小兔,¥17.50,明天出版社,99.7%推荐
2010-06-01,312.,勃朗特黄源深,¥22.00,,7.9折,http://product.dangdang.com/20861145.html,经典译林：简爱（精装）,¥17.30,译林出版社,99.5%推荐
2014-08-01,313.,张立辉,¥36.00,¥19.89,5.1折,http://product.dangdang.com/23555432.html,很杂很杂的杂学知识：拿得起放不下的学问书（让百度疯狂，谷歌抽,¥18.20,中国画报出版社,98.7%推荐
2013-10-01,314.,陈璐,¥39.80,¥1.89,5.0折,http://product.dangdang.com/23350598.html,微反应心理学全集（带你走进读心术的世界，读懂微表情背后的隐情,¥19.80,中央编译出版社,98.4%推荐
2013-07-22,315.,五味太郎,¥29.80,,6.5折,http://product.dangdang.com/23300108.html,鳄鱼怕怕 牙医怕怕,¥19.40,明天出版社,99.7%推荐
2013-07-01,316.,托利曹植,¥32.00,¥4.32,7.6折,http://product.dangdang.com/23272232.html,当下的力量（珍藏版）,¥24.20,中信出版社,99.7%推荐
2013-04-01,317.,飞乐鸟,¥29.80,¥0.01,5.2折,http://product.dangdang.com/23202223.html,铅笔素描从入门到精通,¥15.50,水利水电出版社,99.0%推荐
2012-07-19,318.,老舍,¥45.00,,7.9折,http://product.dangdang.com/22816624.html,四世同堂（值得每一代中国人阅读的文学经典 值得每一个中国人珍藏,¥35.50,北京十月文艺出版社,99.8%推荐
2016-05-01,319.,王这么,¥39.50,,5.3折,http://product.dangdang.com/23958598.html,大好河山可骑驴,¥21.10,长江文艺出版社,99.2%推荐
2015-07-01,320.,东野圭吾徐建雄,¥39.50,,7.2折,http://product.dangdang.com/23730173.html,东野圭吾：时生（东野圭吾暖心力作）,¥28.60,南海出版社,99.7%推荐
2015-02-01,181.,罗纳德B阿德勒拉塞尔F普罗科特,¥68.00,,6.0折,http://product.dangdang.com/23620171.html,沟通的艺术：看入人里，看出人外 （插图修订第14版）,¥40.80,世界图书出版公司,99.6%推荐
2015-03-01,182.,丛扬洋,¥38.00,¥0.01,6.2折,http://product.dangdang.com/23642698.html,找到意想不到的自己——萨提亚模式与自我成长,¥23.70,武汉大学出版社,99.7%推荐
2014-12-01,183.,姜戎,¥39.80,¥2.00,6.3折,http://product.dangdang.com/23597292.html,狼图腾(修订版)（一部描绘、研究蒙古草原狼的“旷世奇书”）,¥25.10,长江文艺出版社,99.7%推荐
2013-01-01,184.,厄尼斯特海明威李继宏,¥29.00,¥5.90,7.5折,http://product.dangdang.com/23055004.html,老人与海,¥21.70,天津人民出版社,0%推荐
2006-12-01,185.,杨伯峻,¥26.00,,6.0折,http://product.dangdang.com/21052765.html,论语译注（简体字本）,¥15.60,中华书局,99.4%推荐
2013-12-07,186.,艾·里斯杰克·特劳特,¥42.00,¥9.99,6.0折,http://product.dangdang.com/21015095.html,定位：有史以来对美国营销影响最大的观念,¥25.20,机械工业出版社,99.4%推荐
2013-07-01,187.,袁腾飞,¥99.00,¥0.01,5.0折,http://product.dangdang.com/23295770.html,这个历史挺靠谱：袁腾飞讲历史（全三册）,¥49.50,湖南人民出版社,99.4%推荐
2011-12-01,188.,太宰治烨伊,¥25.00,¥3.00,3.0折,http://product.dangdang.com/22557281.html,人间失格（太宰治绝望的告白，独家收录太宰治绝笔之作《Goodbye》,¥7.50,武汉出版社,99.2%推荐
2015-01-06,461.,邱昭瑜,¥60.00,,5.9折,http://product.dangdang.com/23629505.html,有故事的汉字（套装全3册）,¥35.40,青岛出版社,99.7%推荐
2013-06-01,189.,高子云许岚,¥39.80,¥7.90,7.0折,http://product.dangdang.com/23288107.html,跟金牌月嫂坐月子（汉竹）贴心的产后护理，专业的育婴指导！超值,¥27.90,江苏科学技术出版社,99.7%推荐
2016-01-01,190.,杨澜,¥39.00,,6.8折,http://product.dangdang.com/23836860.html,世界很大，幸好有你,¥26.70,江苏文艺出版社,99.6%推荐
2013-09-01,191.,东野圭吾赵峻,¥28.00,,7.5折,http://product.dangdang.com/23332334.html,放学后,¥21.00,南海出版社,99.4%推荐
2015-02-02,192.,鄢一龙白钢章永乐欧树军何建宇,¥39.00,,6.2折,http://product.dangdang.com/23659867.html,大道之行：中国共产党与中国社会主义,¥24.20,中国人民大学出版社,99.5%推荐
2013-12-11,193.,三毛,¥24.00,,7.5折,http://product.dangdang.com/21127783.html,三毛：梦里花落知多少,¥17.90,北京十月文艺出版社,99.5%推荐
2010-11-01,194.,丹尼尔戈尔曼杨春晓,¥58.00,¥18.00,5.8折,http://product.dangdang.com/20958981.html,情商：为什么情商比智商更重要（全球销量超过800万册，10周年纪念,¥33.70,中信出版社,99.3%推荐
2014-06-01,462.,村上春树林少华,¥48.00,,7.8折,http://product.dangdang.com/23484872.html,挪威的森林（精）,¥37.60,上海译文出版社,99.6%推荐
2014-04-01,463.,史蒂夫·比达尔夫钟煜,¥32.00,,7.6折,http://product.dangdang.com/23457690.html,养育女孩,¥24.20,中信出版社,99.8%推荐
2015-04-01,464.,刘称莲,¥29.80,,5.2折,http://product.dangdang.com/23456896.html,陪孩子走过小学六年（第2版）,¥15.60,北京联合出版公司,99.8%推荐
2016-05-01,195.,张其姝,¥32.80,,5.0折,http://product.dangdang.com/23928618.html,《心若淡定，便是优雅》（感动百万读者的治愈暖文，做一个灵魂有,¥16.40,现代出版社,99.4%推荐
2016-03-31,196.,李筱懿,¥35.00,¥8.99,7.4折,http://product.dangdang.com/23917889.html,先谋生，再谋爱（“灵魂有香气的女子”系列）,¥25.90,天津人民出版社,99.6%推荐
2012-09-01,197.,余华,¥24.00,,6.9折,http://product.dangdang.com/23564455.html,许三观卖血记（新版）,¥16.60,作家出版社,99.6%推荐
2013-11-26,198.,邱锦伶,¥36.00,,6.0折,http://product.dangdang.com/22931999.html,孙俪推荐瘦孕：魅力女人的择食精华指南,¥21.60,中国戏剧出版社,99.2%推荐
2015-09-01,21.,白岩松,¥39.80,¥8.99,5.0折,http://product.dangdang.com/23763621.html,白岩松：白说,¥19.90,长江文艺出版社,0%推荐
2014-02-01,465.,迪卡米洛伊巴图林王昕若,¥36.00,,6.4折,http://product.dangdang.com/23418061.html,国际大奖小说——爱德华的奇妙之旅（精装本）,¥23.20,新蕾出版社,99.5%推荐
2013-01-01,466.,林格伦李之义,¥28.00,,7.9折,http://product.dangdang.com/23190572.html,林格伦儿童文学作品集·典藏版——长袜子皮皮,¥22.10,中国少年儿童出版社,99.8%推荐
2004-01-01,467.,杨绛,¥36.00,,7.9折,http://product.dangdang.com/23165982.html,洗澡（精装）,¥28.30,人民文学出版社,99.8%推荐
2012-02-01,468.,杨其铎,¥211.40,,6.1折,http://product.dangdang.com/22745425.html,四五快读 全彩图升级版——幼儿快速识字阅读法（全8册）(让孩子爱,¥129.10,   ,99.7%推荐
2011-09-01,469.,南派三叔,¥32.80,,7.1折,http://product.dangdang.com/22503628.html,盗墓笔记.1——(《盗墓笔记》全新修订版 中国盗墓诡异秘闻：大树,¥23.30,上海文化出版社,99.3%推荐
2015-10-01,470.,欧茜,¥49.00,,7.1折,http://product.dangdang.com/23784760.html,像我这样做妈妈·儿科医生育儿记,¥35.00,人民卫生出版社,99.7%推荐
2011-09-01,199.,古典,¥29.80,¥2.99,6.8折,http://product.dangdang.com/22499337.html,拆掉思维里的墙：原来我还可以这样活,¥20.40,北方妇女儿童出版社,99.2%推荐
2010-12-01,200.,弗兰克闾佳,¥39.80,¥0.01,6.0折,http://product.dangdang.com/20992398.html,牛奶可乐经济学（完整版）,¥23.90,中国人民大学出版社,99.2%推荐
2013-01-01,22.,圣埃克苏佩里李继宏,¥32.00,¥6.99,7.6折,http://product.dangdang.com/23055003.html,"小王子（法国“圣埃克苏佩里基金会”官方认可简体中文译本, 同名",¥24.30,天津人民出版社,99.6%推荐
2015-08-01,23.,大冰,¥38.00,¥12.99,6.0折,http://product.dangdang.com/23741458.html,阿弥陀佛么么哒（畅销２００万册，大冰2015新作）,¥22.80,湖南文艺出版社,99.7%推荐
2011-01-01,24.,乔安娜柯尔布鲁斯·迪根,¥132.00,,5.9折,http://product.dangdang.com/21005473.html,神奇校车·图画书版（全11册）,¥77.90,贵州人民出版社,99.6%推荐
2012-08-01,25.,凯利麦格尼格尔王岑卉,¥39.80,,5.2折,http://product.dangdang.com/22781288.html,自控力,¥20.60,文化发展出版社,99.1%推荐
2015-01-01,471.,汤木,¥32.00,¥2.00,6.0折,http://product.dangdang.com/23616776.html,你的努力，终将成就无可替代的自己,¥19.20,百花洲文艺出版社,99.6%推荐
2014-11-01,472.,王安忆,¥35.00,,7.0折,http://product.dangdang.com/23612757.html,长恨歌,¥24.50,北京联合出版公司,99.6%推荐
2012-01-01,473.,等,¥24.90,,6.9折,http://product.dangdang.com/23483037.html,不批评才能培养出自觉主动的孩子,¥17.20,北京联合出版公司,99.9%推荐
2014-05-01,474.,郑渊洁,¥135.00,,5.9折,http://product.dangdang.com/23466258.html,郑渊洁给孙女的好习惯书：十二生肖童话绘本,¥79.70,天津人民出版社,99.5%推荐
2013-08-01,475.,李先晓王鹂,¥36.00,¥3.50,5.2折,http://product.dangdang.com/23337376.html,李德修三字经派小儿推拿 ——简单易学有效的小儿推拿宝典，儿童经,¥18.60,青岛出版社,99.6%推荐
2015-04-01,26.,安娜安娜,¥49.60,,5.0折,http://product.dangdang.com/21122085.html,德国精选科学图画书  （全2册）,¥24.80,北京科学技术出版社,99.8%推荐
2012-07-01,27.,玛兹丽施安燕玲,¥28.80,,4.5折,http://product.dangdang.com/22809551.html,《如何说孩子才会听 怎么听孩子才肯说》,¥13.10,中央编译出版社,99.6%推荐
2010-09-01,28.,简·尼尔森玉冰,¥29.00,,4.5折,http://product.dangdang.com/20450674.html,正面管教（如何不惩罚、不娇纵地有效管教孩子）,¥13.10,京华出版社,99.7%推荐
2016-02-01,29.,晚情,¥35.00,,4.9折,http://product.dangdang.com/23912830.html,做一个刚刚好的女子：不攀附，不将就,¥17.00,青岛出版社,0%推荐
2013-03-01,476.,查尔斯杜西格吴奕俊陈丽丽曹烨,¥42.00,¥19.10,6.3折,http://product.dangdang.com/23174413.html,习惯的力量：为什么我们这样生活，那样工作？,¥26.50,中信出版社,99.4%推荐
2012-11-01,477.,郑玉巧,¥49.80,,6.9折,http://product.dangdang.com/22897720.html,郑玉巧育儿经  婴儿卷  全新修订彩色版,¥34.20,２１世纪出版社,99.7%推荐
2012-06-01,478.,帕特森帕特森毕崇毅,¥39.00,¥9.89,7.5折,http://product.dangdang.com/22780049.html,关键对话：如何高效能沟通（原书第2版）（立竿见影的谈话、倾听、,¥29.10,机械工业出版社,99.4%推荐
2012-07-01,479.,纳兰性德子艮,¥35.00,¥12.00,6.3折,http://product.dangdang.com/22740001.html,纳兰词,¥21.90,万卷出版公司,99.0%推荐
2011-10-01,480.,戈尔德萨克斯莫尔曼柳漾,¥72.00,,5.9折,http://product.dangdang.com/22518209.html,和朋友们一起想办法(全八册）,¥42.50,湖北美术出版社,99.3%推荐
2016-05-01,30.,咪蒙,¥38.00,¥13.99,5.1折,http://product.dangdang.com/23951822.html,我喜欢这个功利的世界 : 这世界承认每一个人的努力（咪蒙全新作品,¥19.30,湖南文艺出版社,99.5%推荐
2011-01-01,31.,黑柳彻子岩崎千弘赵玉皎,¥25.00,,6.3折,http://product.dangdang.com/20999128.html,窗边的小豆豆,¥15.80,南海出版社,99.6%推荐
2009-03-01,32.,柯艾略丁文林,¥25.00,,6.3折,http://product.dangdang.com/20508975.html,牧羊少年奇幻之旅（精装）,¥15.80,南海出版社,99.4%推荐
2015-07-01,33.,伍绮诗孙璐,¥35.00,¥17.39,6.9折,http://product.dangdang.com/23718322.html,无声告白（就是她！征服欧美文坛的华裔作家！）,¥24.10,江苏文艺出版社,99.6%推荐
2014-11-01,34.,尤瓦尔·赫拉利林俊宏,¥68.00,¥27.20,6.0折,http://product.dangdang.com/23580032.html,人类简史：从动物到上帝 第十届文津奖获奖图书,¥40.80,中信出版社,99.6%推荐
2014-10-01,35.,大冰,¥36.00,¥6.99,5.9折,http://product.dangdang.com/23565712.html,乖，摸摸头（大冰暖心故事）,¥21.20,湖南文艺出版社,99.6%推荐
2015-05-01,36.,白茶,¥46.00,,5.2折,http://product.dangdang.com/23686681.html,就喜欢你看不惯我 又干不掉我的样子,¥23.80,长江文艺出版社,99.4%推荐
2014-08-01,37.,怀特任溶溶,¥26.00,,6.3折,http://product.dangdang.com/23546266.html,夏洛的网（新）,¥16.40,上海译文出版社,99.8%推荐
2011-06-01,38.,今何在,¥28.00,,5.0折,http://product.dangdang.com/21096162.html,悟空传·完美纪念版（黄、蓝两种封面随机发货）,¥13.90,湖南文艺出版社,99.2%推荐
2016-05-01,39.,贾平凹,¥39.00,,7.2折,http://product.dangdang.com/23964981.html,自在独行     贾平凹的独行世界,¥27.90,长江文艺出版社,0%推荐
2015-08-01,40.,李尚龙,¥35.00,¥5.15,4.6折,http://product.dangdang.com/23721308.html,你只是看起来很努力,¥16.00,中国友谊出版公司,99.3%推荐
2013-10-01,61.,M·斯科特·派克M.ScottPeck于海生严冬冬校,¥32.80,¥0.01,5.1折,http://product.dangdang.com/23340261.html,少有人走的路：心智成熟的旅程                                ,¥16.60,中国商业出版社,99.5%推荐
2014-01-01,62.,清崎莱希特萧明,¥28.00,¥7.99,4.8折,http://product.dangdang.com/23408217.html,富爸爸穷爸爸（最新修订版）,¥13.50,四川文艺出版社,99.6%推荐
2014-01-01,63.,龙应台,¥29.80,¥12.00,6.0折,http://product.dangdang.com/23407865.html,孩子你慢慢来：龙应台,¥17.90,广西师范大学出版社,99.8%推荐
2013-07-01,64.,麦克山姆布雷尼安妮塔婕朗梅子涵,¥35.80,,6.5折,http://product.dangdang.com/23337896.html,猜猜我有多爱你,¥23.30,明天出版社,99.6%推荐
2014-07-01,65.,蔡康永,¥65.00,,5.0折,http://product.dangdang.com/23544488.html,蔡康永的说话之道套装（全二册）,¥32.80,湖南文艺出版社,99.3%推荐
2013-05-01,66.,英国快乐瓢虫出版公司苗辉,¥120.00,,5.8折,http://product.dangdang.com/23248697.html,小猪佩奇（全10册）,¥70.00,安徽少年儿童出版社,99.4%推荐
2015-02-01,67.,史蒂芬柯维,¥68.00,,5.0折,http://product.dangdang.com/23592549.html,高效能人士的七个习惯：25周年纪念版,¥34.00,中国青年出版社,99.7%推荐
2012-12-01,68.,戴尔卡耐基王辉,¥29.90,,4.3折,http://product.dangdang.com/22916863.html,做内心强大的女人,¥12.90,苏州古吴轩出版社有限公司,99.4%推荐
2013-01-01,69.,东野圭吾娄美莲,¥28.00,,7.5折,http://product.dangdang.com/23160977.html,恶意（东野圭吾挑战恶的极限，加贺探案集第4案）,¥21.00,南海出版社,99.7%推荐
2012-05-01,70.,稻盛和夫曹岫云,¥27.00,,6.0折,http://product.dangdang.com/22783643.html,活法,¥16.20,东方出版社,99.3%推荐
2014-08-01,71.,陈梦敏张文绮图,¥128.00,,5.9折,http://product.dangdang.com/23521768.html,学会管自己（歪歪兔独立成长童话）,¥75.50,海豚出版社,99.8%推荐
2016-06-01,72.,J.J.艾布拉姆斯道格·道斯特颜湘如,¥168.00,,6.8折,http://product.dangdang.com/23925143.html,S.忒修斯之船（简体中文典藏复刻版）,¥115.00,中信出版社,99.4%推荐
2015-11-01,73.,克莉丝汀.汉娜,¥36.00,¥4.86,6.3折,http://product.dangdang.com/23796480.html,萤火虫小巷（不输《追风筝的人》的友谊与人性，囗碑媲美《世界上,¥22.50,百花洲文艺出版社,99.6%推荐
2015-05-01,74.,珀尔马特洛伯格温旻,¥45.00,¥18.00,6.8折,http://product.dangdang.com/23691655.html,谷物大脑,¥30.60,机械工业出版社,99.6%推荐
2014-09-01,75.,戴尔·卡耐基陶曚,¥32.00,¥6.99,5.0折,http://product.dangdang.com/23566280.html,人性的弱点（卡耐基手稿还原版）,¥16.10,天津人民出版社,99.5%推荐
2014-08-01,76.,顾漫,¥29.80,¥6.99,7.0折,http://product.dangdang.com/23494676.html,微微一笑很倾城（豪华典藏版）,¥20.90,花山文艺出版社,99.3%推荐
2015-05-01,77.,乔一,¥29.80,¥2.99,5.0折,http://product.dangdang.com/23710606.html,我不喜欢这世界，我只喜欢你,¥14.90,湖南少年儿童出版社,99.4%推荐
2013-04-01,78.,孙瑞雪,¥38.00,¥0.01,5.5折,http://product.dangdang.com/23194043.html,捕捉儿童敏感期（珍藏版）：了解孩子内心的早教经典，解除育儿焦,¥20.90,中国妇女出版社,99.7%推荐
2016-04-01,79.,张德芬,¥38.00,,5.5折,http://product.dangdang.com/23927251.html,遇见未知的自己（全新修订版）,¥20.90,湖南文艺出版社,99.6%推荐
2016-04-30,80.,肯·福莱特Follett,¥129.80,,6.9折,http://product.dangdang.com/23951294.html,巨人的陨落（世界是属于勇敢者的，所以世界是属于我的）,¥89.50,江苏文艺出版社,99.7%推荐
2014-10-01,321.,王坤,¥35.00,¥5.99,5.0折,http://product.dangdang.com/23552667.html,股票投资入门与实战技巧：从零开始学炒股,¥17.50,团结出版社,0%推荐
2013-10-01,322.,辰格,¥32.80,,5.0折,http://product.dangdang.com/23359376.html,戒了吧，拖延症——写给年轻人的拖延心理学（人生有限，拖延有害,¥16.40,天津人民出版社,99.3%推荐
2013-05-01,323.,王小波李银河,¥30.00,,7.1折,http://product.dangdang.com/23238657.html,爱你就像爱生命,¥21.40,浙江文艺出版社,99.3%推荐
2012-01-01,324.,孙武三国曹操欧阳居士,¥22.00,¥5.31,6.9折,http://product.dangdang.com/22554450.html,孙子兵法（典藏全译本）,¥15.10,中国画报出版社,98.7%推荐
2012-01-01,325.,斯威夫特白马,¥24.80,¥3.60,5.6折,http://product.dangdang.com/22553731.html,格列佛游记（精装珍藏本，内附精美插图，名家名译，新课标必读书,¥13.80,中国画报出版社,0%推荐
2011-07-01,326.,林汉达,¥88.00,,5.9折,http://product.dangdang.com/22478862.html,上下五千年（最新版）,¥51.90,少年儿童出版社,99.5%推荐
2010-06-01,327.,亚米契斯Amicis王干卿,¥26.80,,5.1折,http://product.dangdang.com/20851068.html,爱的教育(荣获意大利政府文化奖的全译本)(原版插图)118000多名读,¥13.70,中国画报出版社,0%推荐
2007-01-01,328.,格雷涅茨漪然彭懿,¥26.00,,6.5折,http://product.dangdang.com/9241765.html,月亮的味道,¥16.80,二十一世纪出版社集团有限公司发行部,99.2%推荐
2016-01-01,329.,辛夷坞,¥49.80,,6.2折,http://product.dangdang.com/23820782.html,我们（辛夷坞出道十年全新力作),¥31.00,百花洲文艺出版社,99.4%推荐
2015-11-01,330.,沈从文,¥49.80,,6.2折,http://product.dangdang.com/23776361.html,我明白你会来，所以我等,¥30.70,江苏文艺出版社,99.6%推荐
2015-07-01,331.,阿图葛文德AtulGawande,¥54.90,,6.0折,http://product.dangdang.com/23744408.html,最好的告别：关于衰老与死亡，你必须知道的常识,¥33.00,浙江人民出版社,99.8%推荐
2014-08-01,332.,尹建莉,¥38.00,¥4.99,5.8折,http://product.dangdang.com/23530553.html,最美的教育最简单,¥21.90,作家出版社,99.8%推荐
2013-12-01,333.,单桂敏,¥39.90,¥2.00,5.5折,http://product.dangdang.com/23381443.html,单桂敏灸除百病  彩色版（已经造福上亿人的疗法，中国艾灸疗法推,¥22.00,吉林科学技术出版社,99.8%推荐
2014-01-01,334.,汉竹,¥49.80,¥1.89,7.0折,http://product.dangdang.com/23370323.html,宝宝辅食王中王（汉竹）--倾情奉上240多道辅食，做好每一口喂给宝,¥34.90,江苏科学技术出版社,0%推荐
2013-08-01,335.,麦克·罗奇夏理扬田多多,¥61.80,,7.2折,http://product.dangdang.com/23300181.html,当和尚遇到钻石：能断金刚+业力管理（全二册）,¥44.50,江西人民出版社,0%推荐
2015-10-01,336.,村上春树施小炜,¥36.00,,7.4折,http://product.dangdang.com/23774097.html,当我谈跑步时，我谈些什么（2015典藏版）,¥26.80,南海出版社,99.6%推荐
2013-01-01,337.,安野光雅李玉珍,¥118.80,¥2.00,5.8折,http://product.dangdang.com/22914275.html,走进奇妙的数学世界（全3册）,¥68.70,新星出版社,99.4%推荐
2011-11-01,338.,魏斯谭智华,¥32.00,¥15.99,6.9折,http://product.dangdang.com/22532058.html,前世今生:生命轮回的启示,¥22.00,光明日报出版社,0%推荐
2016-05-01,339.,安娜·戈华达,¥38.00,,3.9折,http://product.dangdang.com/23955000.html,更好的人生：法国百万级畅销书女作家安娜?戈华达小说,¥15.00,湖南文艺出版社,98.5%推荐
2016-06-01,340.,马化腾腾讯研究院出品,¥58.00,¥34.79,6.8折,http://product.dangdang.com/23951179.html,分享经济：供给侧改革的新经济方案,¥39.20,中信出版社,0%推荐
